#{"t_start": 1677816125.8585162, "env_id": "gym_cell/cg-v0"}
r,l,t
736.8625,50,3.153937
947.3715,50,3.686344
826.9045,50,4.204246
672.7025,50,4.755127
812.879,50,5.272447
760.0495,50,5.835832
678.5445,50,6.395931
781.1285,50,6.95453
902.9815,50,7.515408
674.1965,50,8.094374
945.4745,50,8.655696
543.157,50,9.192713
660.798,50,9.735111
591.313,50,10.241986
742.1395,50,10.771157
785.2985,50,11.33207
791.662,50,11.890981
757.074,50,12.427269
615.2315,50,12.918891
783.081,50,13.480601
695.4145,50,13.982028
728.898,50,14.508633
764.552,50,15.008298
670.406,50,15.532116
782.098,50,16.054985
817.877,50,16.598305
877.711,50,17.145753
753.2835,50,17.688438
1039.1645,50,18.236553
595.9055,50,18.76211
533.217,50,19.266671
787.933,50,19.827458
887.5555,50,20.408416
954.621,50,20.949762
378.227,50,21.467809
779.32,50,22.03179
877.433,50,22.619088
697.6515,50,23.175358
688.533,50,23.746337
591.037,50,24.260374
746.013,50,24.796332
782.2645,50,25.349163
773.0405,50,25.933146
795.6005,50,26.49587
539.601,50,27.003992
950.1755,50,27.568293
926.4185,50,28.132116
677.8965,50,28.693489
735.743,50,29.211847
703.935,50,29.723665
717.136,50,30.245578
664.0775,50,30.763696
472.093,50,31.264461
447.42,50,31.796494
887.682,50,32.340245
675.9395,50,32.862152
573.497,50,33.410977
958.05,50,33.957099
584.927,50,34.432802
506.8235,50,34.955882
662.321,50,35.470437
901.6715,50,36.011174
526.179,50,38.396956
572.381,50,38.948919
660.353,50,39.501558
770.6845,50,40.028994
666.935,50,40.542851
973.282,50,41.096746
646.5585,50,41.655628
898.396,50,42.212941
735.5005,50,42.728718
431.7865,50,43.201202
877.8715,50,43.805717
951.708,50,44.378264
493.927,50,44.907931
715.359,50,45.443393
869.867,50,46.011068
1122.3765,50,46.586753
949.6035,50,47.170028
903.279,50,47.707542
957.6735,50,48.294652
596.365,50,48.83177
653.317,50,49.304714
594.7845,50,49.829815
512.6045,50,50.358653
576.3685,50,50.858843
715.4075,50,51.383027
524.9715,50,51.883152
871.357,50,52.428664
519.3355,50,52.925318
883.4825,50,53.428019
846.948,50,53.945015
598.956,50,54.466579
918.8155,50,55.002358
720.4925,50,55.582899
663.096,50,56.139478
615.242,50,56.681288
591.1785,50,57.214616
655.298,50,57.774331
1058.777,50,58.3974
623.983,50,58.934641
810.1835,50,59.443797
535.157,50,59.935784
833.286,50,60.472096
780.831,50,61.00509
867.9365,50,61.585025
806.568,50,62.119553
491.213,50,62.6309
517.7365,50,63.135161
606.1695,50,63.695958
912.61,50,64.210882
785.218,50,64.773456
752.162,50,65.2804
817.6385,50,65.824556
879.382,50,66.372419
864.134,50,66.894729
672.4175,50,67.421552
499.4705,50,67.921055
1041.619,50,68.471196
575.906,50,68.975375
730.0215,50,69.491109
730.656,50,70.016294
818.309,50,70.560073
662.2375,50,71.0795
799.4205,50,71.641512
892.084,50,73.506568
951.813,50,74.061463
770.834,50,74.591717
805.102,50,75.171577
731.9345,50,75.72841
790.0265,50,76.287832
721.783,50,76.860993
835.814,50,77.447753
512.2625,50,77.98337
880.677,50,78.541847
890.092,50,79.093716
827.062,50,79.652896
514.1195,50,80.167161
943.6905,50,80.731297
953.818,50,81.287057
827.033,50,81.836617
752.399,50,82.333449
649.0385,50,82.870266
440.051,50,83.432304
826.3385,50,84.005994
667.2045,50,84.529604
557.9575,50,85.072031
742.204,50,85.571706
598.349,50,86.063722
862.9715,50,86.630839
726.1625,50,87.121217
927.187,50,87.665222
745.331,50,88.209465
720.395,50,88.75767
644.463,50,89.295897
570.44,50,89.853579
646.845,50,90.43119
1019.761,50,91.008606
726.6895,50,91.565658
782.0775,50,92.131829
794.008,50,92.667485
713.812,50,93.200669
729.641,50,93.734928
674.6955,50,94.279637
886.293,50,94.839393
594.1945,50,95.368106
516.3115,50,95.883377
1030.0135,50,96.439648
510.723,50,96.99309
737.4915,50,97.50076
747.469,50,98.013502
525.1185,50,98.566686
750.5235,50,99.114164
735.516,50,99.645428
738.4525,50,100.183215
750.122,50,100.733155
588.9095,50,101.214595
729.5385,50,101.759715
680.517,50,102.229577
645.8375,50,102.705395
825.9825,50,103.224301
736.895,50,103.743252
744.2285,50,104.286318
679.851,50,104.783944
735.5755,50,105.345204
826.3805,50,105.869598
729.154,50,106.444871
695.3765,50,106.964236
1083.8745,50,108.824309
1005.351,50,109.403925
470.8815,50,109.909403
664.6485,50,110.472297
1121.9845,50,111.082585
508.732,50,111.595624
406.886,50,112.073421
586.048,50,112.624339
1021.5445,50,113.208702
656.924,50,113.734713
965.064,50,114.317397
649.0645,50,114.877287
1023.42,50,115.427746
839.385,50,116.000196
531.034,50,116.542343
1052.1295,50,117.140841
801.4365,50,117.722785
954.17,50,118.303822
665.098,50,118.806185
852.0505,50,119.346617
811.093,50,119.869295
599.2385,50,120.368702
777.4195,50,120.87616
798.6265,50,121.416112
821.717,50,121.950941
749.7315,50,122.481447
548.024,50,123.01861
976.023,50,123.535988
588.3125,50,124.076709
965.7355,50,124.676509
641.1365,50,125.208851
513.8585,50,125.720611
868.185,50,126.302522
1120.952,50,126.865635
695.0115,50,127.381841
832.5595,50,127.902128
1032.548,50,128.457185
757.887,50,128.996668
645.079,50,129.510933
647.986,50,130.029839
1104.354,50,130.607552
805.883,50,131.162547
801.117,50,131.722382
778.011,50,132.229833
679.053,50,132.718445
784.619,50,133.258529
950.5965,50,133.819084
946.899,50,134.350138
511.4405,50,134.828672
734.3515,50,135.335228
615.8205,50,135.826287
509.7335,50,136.326732
812.7,50,136.843504
947.298,50,137.406787
580.7105,50,137.915792
912.9825,50,138.457469
670.202,50,138.980635
447.706,50,139.521657
967.808,50,140.06363
533.0825,50,140.56399
806.279,50,141.121578
809.416,50,141.665864
800.3195,50,142.231427
659.767,50,144.045541
794.5915,50,144.59677
434.228,50,145.122668
875.289,50,145.682543
716.215,50,146.205276
683.628,50,146.759614
590.1555,50,147.285072
809.0775,50,147.850197
725.433,50,148.431981
690.278,50,148.995039
546.042,50,149.524762
714.2085,50,150.121889
1038.4695,50,150.682159
612.768,50,151.246904
860.551,50,151.815983
579.747,50,152.337649
733.623,50,152.910472
709.1655,50,153.44036
707.8425,50,153.942706
891.847,50,154.490003
1005.5635,50,155.035815
779.699,50,155.585175
451.4685,50,156.077578
584.543,50,156.624346
1022.187,50,157.195649
522.068,50,157.667901
906.747,50,158.213654
1089.22,50,158.781693
822.8635,50,159.319405
757.949,50,159.869271
872.5555,50,160.428572
557.6595,50,160.925506
841.0515,50,161.51424
897.9975,50,162.052719
876.95,50,162.597185
663.6845,50,163.150623
728.181,50,163.707742
680.7975,50,164.272826
595.4005,50,164.813643
863.0815,50,165.390688
583.449,50,165.868041
773.149,50,166.404317
549.2935,50,166.886989
714.2965,50,167.449313
1031.293,50,168.013822
810.1355,50,168.549348
662.5215,50,169.098829
901.203,50,169.695859
646.347,50,170.24231
742.138,50,170.787057
897.9715,50,171.310535
958.8175,50,171.859359
902.3745,50,172.388683
588.58,50,172.890971
579.7985,50,173.414506
751.9585,50,173.940397
809.4805,50,174.460034
806.86,50,175.028058
879.9895,50,175.583683
724.4185,50,176.108242
590.3345,50,176.625668
624.0245,50,177.164791
735.182,50,177.748876
891.472,50,179.587679
710.402,50,180.120442
683.543,50,180.675178
483.8635,50,181.149653
849.386,50,181.712707
803.7045,50,182.268491
805.7325,50,182.852515
813.316,50,183.440109
576.8525,50,183.982319
595.4965,50,184.474942
811.6125,50,185.013169
937.789,50,185.572327
986.91,50,186.12857
826.1705,50,186.703366
607.7845,50,187.24204
805.632,50,187.78167
867.899,50,188.28884
1098.211,50,188.859713
815.9875,50,189.407717
745.6685,50,189.968219
940.8855,50,190.533468
605.551,50,191.033556
817.067,50,191.568598
522.9645,50,192.045693
871.6085,50,192.545276
749.864,50,193.042835
424.2315,50,193.491584
947.2255,50,194.050156
613.047,50,194.588029
918.405,50,195.183568
1009.4655,50,195.746607
732.7155,50,196.317721
837.693,50,196.830441
882.113,50,197.407037
885.929,50,197.961384
631.4935,50,198.477829
522.6095,50,198.981025
459.326,50,199.47998
723.0395,50,200.053457
469.731,50,200.559713
893.5665,50,201.106481
589.2135,50,201.597018
733.6385,50,202.160633
879.979,50,202.713602
808.9565,50,203.266005
874.731,50,203.820575
655.577,50,204.35385
588.2975,50,204.832568
820.0455,50,205.372042
641.265,50,205.898297
738.4985,50,206.424555
873.776,50,206.928129
733.613,50,207.449204
704.232,50,207.948997
744.9935,50,208.474164
820.632,50,208.978791
598.2615,50,209.483106
442.3815,50,209.94524
723.3675,50,210.496424
897.7935,50,211.080117
948.463,50,211.638905
642.527,50,212.151188
635.5665,50,212.659738
632.358,50,214.449351
827.6325,50,214.983052
669.969,50,215.524931
933.7475,50,216.054818
792.6965,50,216.614411
756.583,50,217.173021
669.171,50,217.715198
567.3535,50,218.221357
662.881,50,218.759253
602.742,50,219.251885
982.826,50,219.813914
653.692,50,220.351628
796.05,50,220.932513
460.937,50,221.427284
1019.7425,50,221.988766
554.9645,50,222.473373
516.252,50,222.954794
836.8755,50,223.513358
658.3655,50,224.057514
951.0195,50,224.606107
737.5755,50,225.148912
718.02,50,225.650266
781.979,50,226.173034
762.4665,50,226.673533
625.0855,50,227.196052
588.6275,50,227.696897
744.5925,50,228.251732
733.089,50,228.783457
771.734,50,229.330908
578.3365,50,229.82521
817.994,50,230.371492
660.33,50,230.907531
659.43,50,231.406685
795.9375,50,231.953685
862.0225,50,232.517889
817.4815,50,233.069512
723.7045,50,233.603643
668.8215,50,234.179715
730.9905,50,234.772087
822.217,50,235.28824
538.1515,50,235.795612
651.6545,50,236.328241
730.8805,50,236.909027
600.1735,50,237.441077
746.7595,50,237.998446
955.366,50,238.540007
881.396,50,239.105808
618.721,50,239.581144
724.2405,50,240.056584
800.517,50,240.571141
566.6225,50,241.070821
628.3815,50,241.550387
576.8955,50,242.046731
956.442,50,242.587028
856.0915,50,243.135147
814.542,50,243.658101
824.5395,50,244.203372
1015.468,50,244.791819
475.871,50,245.280239
585.2685,50,245.770317
795.805,50,246.307725
738.932,50,246.852097
600.051,50,247.380523
889.092,50,249.210394
585.3245,50,249.678691
584.163,50,250.21777
732.1305,50,250.759209
875.724,50,251.340779
915.711,50,251.889594
665.2,50,252.427297
795.535,50,253.008172
891.566,50,253.535081
947.2145,50,254.104164
719.1925,50,254.643309
682.174,50,255.192688
742.9115,50,255.746406
910.6305,50,256.30235
672.9175,50,256.843508
653.6145,50,257.379084
888.9415,50,257.902317
868.2615,50,258.450518
752.6425,50,258.973045
611.7115,50,259.495793
796.39,50,260.037818
878.3825,50,260.600795
718.968,50,261.143629
745.0515,50,261.665676
695.8985,50,262.180979
745.9745,50,262.697666
901.5915,50,263.250641
864.659,50,263.791201
814.784,50,264.348605
714.7815,50,264.854707
748.4745,50,265.392441
728.2765,50,265.931983
858.2295,50,266.470351
525.282,50,267.010904
1176.374,50,267.623127
715.404,50,268.178149
826.5645,50,268.761706
1013.1255,50,269.317602
612.1205,50,269.816208
965.034,50,270.409054
747.033,50,270.951464
778.7175,50,271.508928
863.206,50,272.070637
582.2065,50,272.632038
818.17,50,273.173193
713.732,50,273.724548
686.4955,50,274.217045
663.2545,50,274.71855
662.174,50,275.209419
723.3835,50,275.733205
858.8125,50,276.262798
656.879,50,276.762531
649.3455,50,277.258829
1022.159,50,277.798026
904.2405,50,278.354362
887.481,50,278.903314
822.251,50,279.433898
587.264,50,279.920837
966.232,50,280.478393
811.443,50,281.021447
730.4455,50,281.58784
726.4725,50,282.089004
830.968,50,282.607982
679.645,50,284.428412
575.6685,50,284.964608
743.497,50,285.495361
592.829,50,286.030075
1024.05,50,286.607519
934.725,50,287.1445
628.574,50,287.694943
808.9635,50,288.251343
808.3755,50,288.786169
711.869,50,289.32199
686.373,50,289.865157
303.134,50,290.39701
954.497,50,291.003311
651.801,50,291.502385
751.279,50,291.979487
511.2035,50,292.453572
815.205,50,292.979012
766.701,50,293.471824
499.607,50,293.966829
364.528,50,294.464249
651.6045,50,294.959679
822.9625,50,295.479675
715.3625,50,296.004682
654.073,50,296.504
776.177,50,297.084106
790.216,50,297.619308
934.8815,50,298.159945
647.168,50,298.673506
733.593,50,299.179373
295.5135,50,299.673337
650.45,50,300.185966
746.969,50,300.747023
568.8205,50,301.263984
679.1415,50,301.778766
789.013,50,302.35101
677.8775,50,302.888101
660.6525,50,303.422009
666.104,50,303.980211
896.1715,50,304.546194
650.8005,50,305.060622
956.6685,50,305.599967
650.6895,50,306.099903
756.532,50,306.652495
965.8895,50,307.189334
800.09,50,307.712494
732.9055,50,308.233515
818.8255,50,308.759162
961.989,50,309.304424
791.861,50,309.834114
651.773,50,310.334837
810.668,50,310.878454
805.2215,50,311.406994
1014.2515,50,311.954183
372.1865,50,312.455983
671.1245,50,312.987954
953.96,50,313.545137
568.499,50,314.07804
744.263,50,314.595273
710.0705,50,315.110777
580.8255,50,315.650081
759.479,50,316.166494
415.6445,50,316.656925
821.551,50,317.223449
910.03,50,319.069802
814.3325,50,319.634519
1015.4325,50,320.202258
589.5925,50,320.711124
428.878,50,321.18831
813.7295,50,321.751991
899.255,50,322.312191
735.975,50,322.831343
814.334,50,323.422523
709.9865,50,323.975278
801.8355,50,324.517061
727.747,50,325.069601
794.158,50,325.608405
645.3905,50,326.136071
825.8515,50,326.611841
809.057,50,327.135478
739.634,50,327.678505
740.8345,50,328.205325
680.8875,50,328.711863
907.6835,50,329.236345
793.279,50,329.75897
525.3645,50,330.236077
797.1855,50,330.752673
718.2175,50,331.29403
791.7075,50,331.853904
794.4105,50,332.371193
830.6765,50,332.892922
898.7755,50,333.452192
817.9865,50,334.019022
635.418,50,334.52698
752.207,50,335.094082
287.923,50,335.58837
889.648,50,336.145722
705.391,50,336.679453
707.2295,50,337.195665
880.3085,50,337.75523
630.5495,50,338.296074
680.665,50,338.838943
860.1965,50,339.40574
670.421,50,339.948068
852.802,50,340.51583
754.6775,50,341.056951
1011.625,50,341.621917
723.4265,50,342.148954
500.956,50,342.648245
686.0035,50,343.167472
461.8105,50,343.642044
832.093,50,344.169853
579.5145,50,344.688912
751.206,50,345.208111
812.41,50,345.732629
747.712,50,346.233809
646.6125,50,346.771146
762.4855,50,347.319793
882.7965,50,347.840981
813.887,50,348.388188
661.357,50,348.937937
738.8365,50,349.484071
774.872,50,350.012588
650.5305,50,350.572617
581.9525,50,351.092927
841.4945,50,351.65437
463.3345,50,352.145615
499.971,50,353.935295
976.065,50,354.517456
893.446,50,355.104181
683.305,50,355.617199
711.68,50,356.179415
804.417,50,356.750773
1106.291,50,357.33382
840.902,50,357.900233
641.562,50,358.436034
814.5895,50,358.990596
744.0325,50,359.548216
802.671,50,360.07725
673.7085,50,360.583982
963.551,50,361.110327
511.628,50,361.592714
447.608,50,362.123009
723.6565,50,362.650072
514.798,50,363.155387
904.885,50,363.664683
535.9125,50,364.168305
590.2075,50,364.687518
520.458,50,365.182017
646.1485,50,365.728496
799.795,50,366.271759
647.5925,50,366.83394
883.9085,50,367.41519
936.881,50,367.98456
559.861,50,368.493458
716.882,50,369.07184
643.366,50,369.607187
530.8195,50,370.1689
804.697,50,370.705403
520.773,50,371.222988
591.452,50,371.741637
943.6815,50,372.309459
747.857,50,372.849535
697.0425,50,373.373994
937.998,50,373.977609
735.2995,50,374.549734
782.1935,50,375.092767
581.78,50,375.608565
707.498,50,376.122512
514.83,50,376.645881
358.5435,50,377.118814
668.2545,50,377.644767
1038.449,50,378.207125
453.3525,50,378.708062
890.5645,50,379.282012
964.3705,50,379.835027
750.6255,50,380.320405
627.6185,50,380.826188
563.305,50,381.354432
587.35,50,381.881524
727.5005,50,382.44796
723.7065,50,382.963246
880.301,50,383.501541
972.689,50,384.047477
585.061,50,384.573178
926.2495,50,385.165987
571.6205,50,385.692503
790.2605,50,386.218367
640.332,50,386.765266
689.0995,50,387.310959
672.0995,50,389.171303
482.5145,50,389.694325
682.519,50,390.243685
837.665,50,390.830138
861.153,50,391.393809
863.56,50,391.988439
490.4525,50,392.529425
735.0525,50,393.021769
960.455,50,393.574854
893.488,50,394.137482
889.468,50,394.663975
569.622,50,395.119813
650.863,50,395.634734
768.3795,50,396.126363
943.4575,50,396.653565
794.683,50,397.181239
746.0005,50,397.704198
868.869,50,398.243286
716.4435,50,398.740648
803.635,50,399.261087
750.0635,50,399.758166
941.414,50,400.301401
598.775,50,400.820366
820.341,50,401.364955
700.5295,50,401.935286
671.2375,50,402.471887
945.568,50,403.026983
873.8155,50,403.543841
843.2295,50,404.08188
686.221,50,404.602117
855.9255,50,405.140238
810.8315,50,405.72012
641.43,50,406.264044
687.1535,50,406.776868
949.8095,50,407.355269
607.0995,50,407.91352
841.2215,50,408.449596
711.4295,50,409.02535
893.7945,50,409.571855
517.344,50,410.091525
724.272,50,410.643713
611.812,50,411.141478
898.6585,50,411.665739
570.19,50,412.169239
717.1375,50,412.668375
1021.622,50,413.21485
760.308,50,413.738543
779.463,50,414.254704
784.316,50,414.796076
671.5445,50,415.32097
596.9355,50,415.824159
378.4945,50,416.279953
731.1705,50,416.830097
663.423,50,417.36645
606.488,50,417.871734
377.081,50,418.365539
790.1635,50,418.927398
740.3995,50,419.426207
533.041,50,419.94351
985.842,50,420.488059
740.2535,50,421.02594
813.04,50,421.606829
803.3195,50,422.150364
592.8605,50,423.950822
598.663,50,424.477187
565.8755,50,424.986195
666.0085,50,425.514566
866.0525,50,426.089919
615.273,50,426.594049
671.632,50,427.104913
652.129,50,427.644001
573.8745,50,428.178347
573.3655,50,428.689981
661.2695,50,429.176658
579.966,50,429.677397
729.245,50,430.171737
725.3995,50,430.668503
528.4105,50,431.16372
739.4155,50,431.685172
621.525,50,432.207433
1016.4355,50,432.730065
656.6595,50,433.226309
805.016,50,433.729044
883.6745,50,434.296981
655.526,50,434.85115
590.175,50,435.38921
654.1865,50,435.921681
832.5545,50,436.445144
653.726,50,436.963127
653.2605,50,437.505523
721.6525,50,438.02143
945.7245,50,438.586725
720.293,50,439.132988
745.6875,50,439.676955
710.4155,50,440.203231
583.134,50,440.711894
795.4375,50,441.253479
945.519,50,441.789818
627.3015,50,442.312176
668.172,50,442.869836
878.259,50,443.405685
666.3965,50,443.945428
945.217,50,444.514802
896.561,50,445.018514
823.2265,50,445.543968
738.3265,50,446.050822
659.3595,50,446.551993
680.45,50,447.031905
826.9025,50,447.543875
865.7315,50,448.050415
817.6965,50,448.563527
652.793,50,449.080803
517.471,50,449.580706
783.6115,50,450.100481
727.443,50,450.693417
739.6515,50,451.238973
842.4315,50,451.737482
767.6175,50,452.255682
721.169,50,452.753063
820.62,50,453.314711
969.412,50,453.877537
702.8295,50,454.443503
792.173,50,455.008693
544.296,50,455.51202
678.2415,50,456.019614
659.2485,50,456.543478
738.879,50,458.753152
523.2855,50,459.262072
814.656,50,459.829659
731.0445,50,460.327381
742.18,50,460.909105
862.8725,50,461.470239
484.661,50,461.985185
916.2635,50,462.530521
669.443,50,463.054082
661.7805,50,463.555846
730.229,50,464.06971
808.6595,50,464.592708
809.0025,50,465.113157
880.005,50,465.652868
864.783,50,466.167589
646.48,50,466.66624
874.9005,50,467.190969
812.2955,50,467.686905
752.8225,50,468.219689
935.2025,50,468.762646
525.144,50,469.300797
814.3795,50,469.877488
564.348,50,470.387002
404.641,50,470.853012
682.9765,50,471.375659
809.8915,50,471.909888
873.004,50,472.443631
824.4695,50,473.018261
521.8365,50,473.565358
801.014,50,474.098338
742.6185,50,474.631694
771.046,50,475.160544
649.476,50,475.698526
736.3285,50,476.205654
722.3075,50,476.761641
815.665,50,477.284016
672.461,50,477.807101
660.542,50,478.336934
522.555,50,478.837755
882.413,50,479.364765
518.2035,50,479.912342
761.3805,50,480.411124
516.9155,50,480.937041
956.845,50,481.494192
506.8325,50,481.983613
437.5325,50,482.459299
735.7125,50,482.97654
665.4345,50,483.431162
801.0835,50,483.97519
680.6635,50,484.472916
549.942,50,484.996863
719.7335,50,485.564662
583.1555,50,486.058274
720.924,50,486.611437
730.0835,50,487.107629
671.4195,50,487.625928
653.197,50,488.134461
595.4925,50,488.684395
642.672,50,489.23236
316.8355,50,489.751287
426.936,50,490.279701
966.0545,50,490.835509
675.331,50,491.35357
550.9795,50,493.650094
764.5265,50,494.189635
567.9175,50,494.696902
822.2265,50,495.25586
955.3145,50,495.827207
812.952,50,496.395735
899.7635,50,496.942162
937.872,50,497.472721
767.044,50,497.972373
754.0905,50,498.515713
583.5875,50,499.014868
654.18,50,499.533767
675.7535,50,500.049597
586.218,50,500.56406
656.74,50,501.082736
805.996,50,501.61016
661.1675,50,502.176502
526.542,50,502.676248
789.6945,50,503.217997
732.064,50,503.740639
730.68,50,504.265353
731.8445,50,504.782235
675.39,50,505.299319
807.543,50,505.830463
817.2,50,506.392043
773.287,50,506.931892
668.313,50,507.467008
516.452,50,508.003224
699.8235,50,508.548578
733.449,50,509.084398
809.5235,50,509.619922
801.3905,50,510.174643
909.877,50,510.730795
640.46,50,511.300433
591.4155,50,511.863851
855.766,50,512.444126
504.2315,50,512.935642
725.584,50,513.451071
694.297,50,513.970813
802.437,50,514.490185
805.0895,50,515.036366
895.5525,50,515.566885
819.494,50,516.091314
746.182,50,516.585897
709.1945,50,517.130902
882.054,50,517.66116
811.6345,50,518.187689
726.135,50,518.70406
900.5815,50,519.233497
590.435,50,519.779083
608.4085,50,520.256933
582.3945,50,520.791792
786.7725,50,521.336786
663.393,50,521.881979
667.3805,50,522.424584
424.1025,50,522.917213
486.379,50,523.416399
760.818,50,523.956844
731.907,50,524.524634
649.672,50,525.021698
431.7065,50,525.513282
809.537,50,526.066752
728.1175,50,526.602087
733.9465,50,528.38027
906.723,50,528.941261
889.1165,50,529.473745
424.42,50,529.940247
513.953,50,530.45436
967.0365,50,531.018231
725.8515,50,531.538621
678.063,50,532.06011
516.3855,50,532.555129
802.2915,50,533.097714
879.4535,50,533.626546
676.405,50,534.148065
1007.4505,50,534.677711
955.9525,50,535.207042
661.844,50,535.70814
646.126,50,536.223626
653.4515,50,536.703587
641.0785,50,537.201854
819.864,50,537.757115
962.3445,50,538.326468
624.6165,50,538.844268
755.2615,50,539.362195
583.091,50,539.890956
674.434,50,540.409719
1003.1845,50,540.975712
504.9985,50,541.51795
788.347,50,542.102267
573.5035,50,542.63904
783.991,50,543.176718
578.648,50,543.714708
899.556,50,544.262353
797.407,50,544.822056
651.68,50,545.343445
742.222,50,545.883615
703.711,50,546.399487
748.388,50,546.893547
672.661,50,547.432049
810.1255,50,547.957977
878.252,50,548.499131
656.108,50,548.978754
765.587,50,549.496397
646.883,50,550.028675
1041.162,50,550.587521
662.9305,50,551.069748
522.5405,50,551.633465
461.713,50,552.113008
1029.625,50,552.655139
709.5165,50,553.175291
891.514,50,553.759501
593.994,50,554.312507
542.4955,50,554.784761
578.436,50,555.291459
674.485,50,555.830501
775.5495,50,556.373619
515.903,50,556.908194
814.1675,50,557.463055
651.475,50,558.021433
684.847,50,558.582309
739.5975,50,559.080529
667.7915,50,559.616194
729.346,50,560.18037
1032.5625,50,560.748451
693.7385,50,561.266019
724.3845,50,563.025006
815.835,50,563.563617
708.559,50,564.116552
790.1485,50,564.672924
821.897,50,565.279775
828.22,50,565.823788
731.783,50,566.33532
725.6065,50,566.859589
646.661,50,567.364785
504.4495,50,567.842301
358.224,50,568.322226
713.435,50,568.820927
646.9805,50,569.317581
612.8035,50,569.839089
619.3065,50,570.35505
806.818,50,570.87808
651.854,50,571.398947
964.4285,50,571.940313
662.765,50,572.480488
716.7415,50,573.008084
580.275,50,573.504774
580.072,50,573.980764
972.658,50,574.584087
947.4305,50,575.135126
844.5515,50,575.694875
765.5145,50,576.233157
813.4915,50,576.741789
728.904,50,577.263147
774.904,50,577.78108
683.0015,50,578.320317
811.577,50,578.879168
890.361,50,579.437453
951.039,50,580.014212
677.8055,50,580.581259
581.409,50,581.07952
427.929,50,581.608668
681.3515,50,582.107967
678.104,50,582.63368
894.888,50,583.177575
885.3425,50,583.704412
579.4305,50,584.221351
598.681,50,584.700968
641.5575,50,585.215258
566.673,50,585.668965
612.3585,50,586.127778
743.8115,50,586.641593
785.8835,50,587.167642
827.3175,50,587.732876
822.73,50,588.280262
588.8565,50,588.786035
723.0305,50,589.316832
498.4045,50,589.81109
526.809,50,590.294752
890.612,50,590.806623
583.3595,50,591.350736
582.992,50,591.864427
806.7965,50,592.417925
871.8375,50,592.972979
719.391,50,593.503339
771.195,50,594.020719
586.707,50,594.538059
595.0165,50,595.050467
800.7715,50,595.592508
801.972,50,597.438718
816.3235,50,597.986428
741.6565,50,598.531781
816.8275,50,599.049542
600.812,50,599.554608
704.5375,50,600.053351
593.1755,50,600.579153
469.2315,50,601.053443
737.0655,50,601.568543
667.47,50,602.089627
864.48,50,602.612751
901.5535,50,603.132541
734.067,50,603.654376
907.409,50,604.173742
737.4805,50,604.665347
834.0575,50,605.207947
1045.933,50,605.760571
657.2665,50,606.344977
731.5655,50,606.928783
894.928,50,607.483624
735.403,50,608.016244
800.8855,50,608.559559
650.065,50,609.115036
870.8675,50,609.687545
642.1055,50,610.211883
826.1345,50,610.752316
641.973,50,611.288536
866.138,50,611.782241
638.7465,50,612.318887
617.8255,50,612.823991
627.1755,50,613.3047
713.7325,50,613.828782
672.381,50,614.33809
655.2275,50,614.859658
774.611,50,615.419608
892.0215,50,615.949154
677.133,50,616.448666
664.0495,50,616.969802
725.899,50,617.458701
409.7285,50,617.956481
804.35,50,618.493231
428.914,50,618.973611
800.321,50,619.494824
896.3575,50,620.0179
819.8125,50,620.54385
670.649,50,621.022944
762.368,50,621.557353
715.9245,50,622.093232
683.5485,50,622.626715
587.5955,50,623.1632
790.7365,50,623.703688
866.9455,50,624.289052
500.871,50,624.866547
816.9625,50,625.445893
629.823,50,626.03449
707.2485,50,626.552715
795.4055,50,627.090368
760.925,50,627.650232
664.0185,50,628.227508
566.75,50,628.74141
658.9815,50,629.2841
884.108,50,629.872324
818.3275,50,630.434074
479.507,50,632.963398
599.9745,50,633.508357
943.5075,50,634.071215
676.048,50,634.56723
812.5955,50,635.091988
515.154,50,635.593271
464.5255,50,636.074877
737.188,50,636.580096
738.216,50,637.035642
797.58,50,637.55551
526.3015,50,638.076827
577.6255,50,638.597296
651.355,50,639.109784
679.366,50,639.634592
691.2605,50,640.16801
520.7115,50,640.681176
949.0005,50,641.236942
734.121,50,641.745278
973.9925,50,642.306181
795.502,50,642.820385
665.736,50,643.351882
802.818,50,643.89303
711.1945,50,644.410462
873.7105,50,644.991957
684.051,50,645.523021
836.37,50,646.109395
669.2065,50,646.577725
642.2475,50,647.097355
1002.5755,50,647.68376
908.9375,50,648.228682
844.6025,50,648.768115
657.442,50,649.334015
657.347,50,649.868317
785.251,50,650.434283
884.833,50,650.960702
671.8075,50,651.478054
471.235,50,651.983477
734.793,50,652.48617
726.7945,50,653.023754
871.167,50,653.544952
860.3005,50,654.06958
874.4015,50,654.591567
850.5605,50,655.108712
437.033,50,655.566652
562.72,50,656.062787
776.873,50,656.560144
624.387,50,657.068152
826.111,50,657.604817
582.871,50,658.047682
947.8625,50,658.596977
547.65,50,659.109935
747.045,50,659.602288
599.6445,50,660.095091
678.6185,50,660.652156
892.9035,50,661.213716
640.16,50,661.70808
855.0495,50,662.259776
810.4675,50,662.823207
626.1355,50,663.374579
505.246,50,663.895378
824.85,50,664.430144
807.0285,50,665.0431
622.6205,50,665.589305
579.693,50,667.462159
621.8725,50,668.020566
675.1675,50,668.511035
659.132,50,669.006699
721.246,50,669.522252
592.9355,50,670.024471
649.8605,50,670.539087
884.943,50,671.064927
795.7085,50,671.592648
438.7135,50,672.069353
941.6495,50,672.582995
885.6885,50,673.12738
902.61,50,673.649666
894.643,50,674.193941
599.7215,50,674.727644
315.218,50,675.196409
461.479,50,675.688723
793.3685,50,676.247462
545.3355,50,676.762778
639.7135,50,677.314162
785.935,50,677.873734
935.4945,50,678.431166
714.1945,50,678.970122
752.5665,50,679.494203
971.916,50,680.049207
682.0305,50,680.56812
915.744,50,681.128599
952.436,50,681.708764
820.671,50,682.259486
611.2365,50,682.799604
347.9805,50,683.317812
513.734,50,683.875504
657.351,50,684.412206
448.45,50,684.906654
748.057,50,685.453702
879.687,50,685.982884
808.134,50,686.505898
811.6745,50,687.030237
792.189,50,687.536324
898.785,50,688.088228
817.474,50,688.632546
716.2905,50,689.148582
597.1925,50,689.67192
604.13,50,690.144294
762.0035,50,690.685491
636.9865,50,691.223234
814.0015,50,691.759604
747.439,50,692.337768
675.193,50,692.858262
606.809,50,693.396362
913.526,50,693.94689
660.7625,50,694.499627
940.3375,50,695.064995
660.791,50,695.619352
636.547,50,696.157623
744.212,50,696.711346
806.8735,50,697.266549
807.437,50,697.826823
862.4695,50,698.394669
718.5525,50,698.985273
703.7475,50,699.52599
973.3845,50,700.109629
850.415,50,700.701077
872.8385,50,702.815331
722.527,50,703.339135
728.0735,50,703.871841
591.295,50,704.371997
590.2955,50,704.850913
759.523,50,705.351569
742.629,50,705.850967
832.5525,50,706.376507
678.7465,50,706.896623
843.602,50,707.420464
681.3235,50,707.940399
427.2215,50,708.434702
658.9235,50,708.97573
518.361,50,709.507478
465.5475,50,710.001379
1093.022,50,710.611521
573.902,50,711.135208
824.695,50,711.717447
590.281,50,712.213931
865.862,50,712.754711
822.201,50,713.316627
842.514,50,713.846207
593.494,50,714.393658
888.612,50,714.99676
725.305,50,715.533866
641.5465,50,716.053131
580.6475,50,716.592336
917.6025,50,717.170565
396.179,50,717.716775
836.541,50,718.253692
714.2235,50,718.782859
739.245,50,719.297366
731.4435,50,719.797117
647.607,50,720.338322
643.3355,50,720.836527
523.37,50,721.334298
713.704,50,721.854046
664.5635,50,722.379326
709.244,50,722.880008
809.541,50,723.378825
654.993,50,723.882392
793.469,50,724.404034
737.2885,50,724.903337
589.6865,50,725.440699
642.2105,50,725.95496
882.267,50,726.49537
642.6085,50,726.993469
484.8045,50,727.4895
780.3475,50,728.02319
673.599,50,728.561443
827.777,50,729.119147
599.808,50,729.665033
947.4765,50,730.230672
890.409,50,730.792165
703.113,50,731.333506
885.3465,50,731.929601
811.4425,50,732.541994
885.313,50,733.083717
479.2265,50,733.559492
742.566,50,734.093736
424.4885,50,734.57335
618.0455,50,735.09726
796.6765,50,735.639059
879.853,50,736.160875
676.9465,50,736.685774
816.119,50,737.205359
650.1195,50,737.725416
810.9595,50,738.257958
818.8775,50,738.792978
753.6225,50,739.313902
736.0605,50,739.865224
890.197,50,740.386858
659.8035,50,740.898826
729.3285,50,741.370381
637.234,50,743.201446
587.478,50,743.698354
586.474,50,744.214646
759.609,50,744.731103
789.7635,50,745.270887
886.5195,50,745.815042
762.987,50,746.356512
632.214,50,746.879163
861.2235,50,747.46052
883.251,50,748.020922
717.381,50,748.5602
832.2385,50,749.104254
568.8115,50,749.644735
783.5655,50,750.150236
787.9355,50,750.672468
669.058,50,751.210749
817.2615,50,751.708287
700.344,50,752.217805
741.9185,50,752.776879
807.7835,50,753.356645
803.7005,50,753.880298
509.862,50,754.404733
952.7685,50,754.927541
883.2535,50,755.475976
732.9785,50,755.998865
504.4665,50,756.500702
811.713,50,757.028497
727.9365,50,757.533365
630.732,50,758.02842
1039.957,50,758.558506
863.0135,50,759.075719
665.1255,50,759.612463
795.642,50,760.15197
1037.9025,50,760.712975
884.00675,50,761.31226
718.015,50,761.836514
1021.937,50,762.413963
723.909,50,762.932022
597.7145,50,763.404996
734.686,50,763.919816
840.5945,50,764.437012
877.679,50,764.989425
511.8615,50,765.470887
429.0665,50,765.993479
650.311,50,766.487082
779.3605,50,767.022998
532.816,50,767.519051
954.245,50,768.084983
574.915,50,768.570914
586.7875,50,769.111081
587.624,50,769.625838
453.53,50,770.101768
929.1405,50,770.623812
731.543,50,771.147487
651.617,50,771.650764
528.766,50,772.132143
804.8245,50,772.658816
749.994,50,773.141344
735.7035,50,773.621987
510.5765,50,774.111899
656.425,50,774.591594
529.6395,50,775.098785
816.9705,50,775.693331
1083.343,50,777.557432
665.311,50,778.075374
597.3255,50,778.597971
873.2875,50,779.127693
809.7185,50,779.702055
559.943,50,780.224334
720.18,50,780.793948
785.13,50,781.359673
895.34,50,781.896064
632.0215,50,782.461928
753.6925,50,783.005074
815.9915,50,783.545135
932.2775,50,784.109523
588.372,50,784.594117
667.6095,50,785.142871
550.14,50,785.666928
744.227,50,786.20908
787.9825,50,786.752349
527.92,50,787.265939
876.956,50,787.788138
862.285,50,788.316885
520.3815,50,788.799846
962.59,50,789.321343
546.101,50,789.80062
710.323,50,790.322925
735.7405,50,790.846656
650.0035,50,791.348029
760.7515,50,791.860101
715.3515,50,792.386295
902.7175,50,792.935182
756.943,50,793.451458
805.6065,50,793.997196
822.613,50,794.541054
586.5305,50,795.064949
850.081,50,795.627312
866.5825,50,796.20886
889.361,50,796.771175
982.401,50,797.329505
648.001,50,797.846089
520.9665,50,798.42701
751.7495,50,798.983459
741.8095,50,799.546394
945.2505,50,800.084198
598.347,50,800.603806
893.1535,50,801.1673
538.721,50,801.701958
539.458,50,802.197948
665.8375,50,802.711113
784.922,50,803.237164
715.347,50,803.774486
851.241,50,804.30028
907.5375,50,804.829321
741.288,50,805.310117
596.435,50,805.762263
719.8215,50,806.262759
817.7565,50,806.786318
512.747,50,807.283761
677.8205,50,807.787762
823.699,50,808.305221
635.484,50,808.811432
748.166,50,809.336136
583.469,50,809.858252
986.932,50,810.42293
599.165,50,812.250031
403.437,50,812.78176
780.1765,50,813.33092
485.069,50,813.826704
950.645,50,814.363194
877.6505,50,814.922392
641.235,50,815.458066
800.146,50,816.015961
825.764,50,816.563843
696.7965,50,817.097108
710.0525,50,817.620269
486.7,50,818.138887
975.7945,50,818.7078
736.979,50,819.267129
642.5305,50,819.751723
701.0095,50,820.273533
745.8765,50,820.813649
735.1675,50,821.298395
512.99,50,821.789356
563.826,50,822.309981
878.5175,50,822.83463
881.1605,50,823.371951
947.936,50,823.919038
819.9165,50,824.460137
615.228,50,824.986026
733.6385,50,825.487463
742.7625,50,825.997278
880.7355,50,826.50374
720.3945,50,827.046253
817.9995,50,827.586018
975.5265,50,828.204266
672.095,50,828.756878
822.327,50,829.351849
413.5545,50,829.838287
788.7185,50,830.349543
465.857,50,830.852733
811.9835,50,831.376278
584.8815,50,831.905493
656.7235,50,832.456546
657.9265,50,833.038026
657.3675,50,833.574288
680.4225,50,834.074462
667.2925,50,834.639449
919.413,50,835.217403
646.446,50,835.753835
462.7275,50,836.225906
729.159,50,836.739357
658.4225,50,837.279538
882.9725,50,837.814373
654.7985,50,838.345153
595.104,50,838.837911
649.551,50,839.335194
826.0585,50,839.856516
749.5905,50,840.399147
684.35,50,840.94457
770.7295,50,841.442722
819.2665,50,841.973354
965.053,50,842.523953
783.5315,50,842.983354
882.2325,50,843.525016
821.141,50,844.090446
838.4325,50,844.619111
772.5215,50,845.155706
435.9215,50,847.001588
904.219,50,847.580046
800.984,50,848.127297
847.666,50,848.648143
904.839,50,849.17235
581.3845,50,849.672384
883.631,50,850.225431
820.561,50,850.795625
521.816,50,851.314509
857.9705,50,851.878546
952.547,50,852.443568
807.616,50,852.986283
874.3505,50,853.524189
474.1195,50,854.005365
837.328,50,854.553739
620.655,50,855.084754
816.906,50,855.630873
740.4,50,856.179314
519.7785,50,856.690215
667.861,50,857.189672
588.085,50,857.692906
740.4035,50,858.215791
731.661,50,858.71665
942.814,50,859.23905
734.961,50,859.733042
750.251,50,860.252456
514.996,50,860.725188
879.112,50,861.250954
610.863,50,861.778095
717.7235,50,862.293172
900.6065,50,862.845368
662.481,50,863.383964
507.596,50,863.88145
731.1885,50,864.42576
541.699,50,864.957356
881.42,50,865.49872
389.317,50,866.0608
708.522,50,866.624263
863.905,50,867.190922
685.224,50,867.711685
856.489,50,868.230092
646.8005,50,868.787669
864.6475,50,869.377288
629.336,50,869.896162
953.27,50,870.462991
1015.8405,50,871.072507
762.795,50,871.618362
733.094,50,872.176624
766.087,50,872.677056
867.276,50,873.201321
671.949,50,873.706568
848.7345,50,874.252184
503.6425,50,874.756469
683.806,50,875.283604
589.7745,50,875.806097
660.9735,50,876.320266
802.151,50,876.82298
801.0865,50,877.330108
1033.2925,50,877.8825
891.525,50,878.424252
807.217,50,878.968894
437.9415,50,879.47578
658.1165,50,880.037464
681.7485,50,881.862813
587.462,50,882.379083
586.9895,50,882.865098
533.9265,50,883.371634
790.961,50,883.91614
918.5515,50,884.467335
601.4115,50,884.990502
719.2305,50,885.550522
787.5685,50,886.111387
774.232,50,886.631084
869.2405,50,887.142551
726.1745,50,887.67256
969.4745,50,888.259663
758.414,50,888.829459
967.9165,50,889.386553
665.855,50,889.878983
665.891,50,890.378961
800.613,50,890.880779
745.287,50,891.376368
670.809,50,891.873374
582.4225,50,892.371541
645.531,50,892.884408
571.273,50,893.363363
699.033,50,893.867753
584.1935,50,894.34657
803.09,50,894.843493
823.9715,50,895.348011
691.41,50,895.874131
537.7725,50,896.384768
700.896,50,896.922072
711.3165,50,897.44749
833.846,50,897.99085
513.101,50,898.537574
965.6905,50,899.118737
797.8515,50,899.704027
969.3725,50,900.247777
893.6,50,900.772544
800.872,50,901.310935
733.537,50,901.857153
556.07,50,902.373788
858.817,50,902.95567
562.308,50,903.486272
893.81,50,904.03599
806.4025,50,904.582995
460.4965,50,905.109598
657.9155,50,905.660675
743.859,50,906.212577
737.0945,50,906.740505
766.1675,50,907.252334
881.4255,50,907.779758
955.454,50,908.327092
739.841,50,908.840765
237.963,50,909.300176
703.293,50,909.803964
956.0065,50,910.359321
792.783,50,910.905124
571.5845,50,911.409768
358.9075,50,911.873166
806.3275,50,912.468767
967.8885,50,913.058639
666.807,50,913.594369
949.342,50,914.140875
699.221,50,916.046474
862.3755,50,916.615701
684.8615,50,917.181692
687.7325,50,917.722441
928.9405,50,918.298922
586.372,50,918.799645
858.6145,50,919.386064
614.9785,50,919.933495
744.569,50,920.45578
432.4735,50,920.91294
952.027,50,921.458974
562.37,50,921.962049
575.635,50,922.483212
731.7675,50,923.047217
893.0845,50,923.596374
654.3125,50,924.110827
1096.644,50,924.679103
612.3655,50,925.153555
664.531,50,925.664955
595.707,50,926.189523
660.9555,50,926.74593
726.994,50,927.285434
960.632,50,927.857328
657.6215,50,928.366623
927.0205,50,928.911634
826.667,50,929.436779
979.7585,50,929.980786
740.972,50,930.483839
741.2965,50,931.075108
833.8015,50,931.602358
719.1055,50,932.119838
547.592,50,932.659659
742.605,50,933.228154
630.064,50,933.728316
846.6205,50,934.294069
680.253,50,934.862201
802.116,50,935.435454
768.668,50,935.983266
548.428,50,936.481434
892.942,50,937.047726
730.0025,50,937.595129
1039.2955,50,938.164871
887.5385,50,938.746994
665.733,50,939.329228
747.146,50,939.895407
562.731,50,940.418595
664.629,50,940.962954
634.717,50,941.467663
682.2505,50,941.993009
687.0145,50,942.535296
451.6105,50,943.041226
737.756,50,943.59104
664.3955,50,944.052315
817.507,50,944.544541
800.625,50,945.074658
685.124,50,945.59385
739.424,50,946.103949
680.454,50,946.584454
634.2795,50,947.088123
497.034,50,947.584759
443.0465,50,948.080549
585.965,50,948.602925
797.4855,50,949.12843
802.549,50,951.886848
580.8195,50,952.440991
586.0375,50,952.995021
694.981,50,953.527237
829.2815,50,954.105771
712.1895,50,954.650323
645.214,50,955.18556
739.2645,50,955.702556
868.3675,50,956.230855
877.206,50,956.732228
681.6725,50,957.277059
745.3025,50,957.81784
747.096,50,958.357023
632.514,50,958.879993
977.791,50,959.417341
993.1375,50,959.967623
742.0455,50,960.520135
678.79,50,961.045511
584.819,50,961.541553
762.2095,50,962.021733
657.481,50,962.508968
743.1395,50,963.0357
472.2765,50,963.537693
538.681,50,964.018265
792.276,50,964.568268
665.033,50,965.130745
835.7605,50,965.708517
960.9515,50,966.325624
913.0055,50,966.906076
704.7145,50,967.468958
843.567,50,968.013476
956.017,50,968.569535
546.41,50,969.067783
869.4955,50,969.629001
588.3235,50,970.19002
571.9065,50,970.728619
877.456,50,971.235523
505.743,50,971.758237
796.059,50,972.343664
951.486,50,972.893435
748.5155,50,973.436093
737.329,50,973.963901
603.649,50,974.518718
668.7345,50,975.105184
882.872,50,975.655017
819.978,50,976.214744
691.693,50,976.71601
947.781,50,977.245001
690.751,50,977.732719
599.5815,50,978.235757
373.7505,50,978.717395
660.3455,50,979.200535
809.532,50,979.725504
819.344,50,980.253233
724.576,50,980.751845
674.709,50,981.250223
556.23,50,981.722971
795.2795,50,982.271003
724.8565,50,982.804145
727.179,50,983.336684
706.5585,50,983.89944
345.648,50,984.393183
699.245,50,984.91173
966.5875,50,986.904746
899.799,50,987.441613
582.166,50,987.944618
807.0505,50,988.502488
743.378,50,989.054003
893.1305,50,989.608921
740.007,50,990.195962
549.65,50,990.708439
521.93,50,991.187172
375.6835,50,991.665902
546.8525,50,992.209284
525.341,50,992.747892
607.456,50,993.262897
854.1275,50,993.811982
805.766,50,994.365596
837.4735,50,994.895079
924.8385,50,995.441241
767.817,50,995.947273
719.099,50,996.475992
726.52,50,997.022366
638.596,50,997.533603
879.309,50,998.090999
1108.998,50,998.652735
655.0905,50,999.128072
683.373,50,999.644246
406.31,50,1000.182967
808.538,50,1000.816775
455.772,50,1001.291638
750.1405,50,1001.877854
781.798,50,1002.400484
696.4745,50,1002.938122
551.325,50,1003.397908
512.3725,50,1003.88541
761.068,50,1004.465153
631.697,50,1005.026478
724.8905,50,1005.590371
744.0275,50,1006.171872
708.6555,50,1006.777355
714.626,50,1007.342597
612.8805,50,1007.863554
944.0345,50,1008.408647
864.881,50,1008.976529
687.3405,50,1009.495829
707.122,50,1010.01986
766.8185,50,1010.546342
695.508,50,1011.071387
877.0335,50,1011.619002
886.1665,50,1012.169212
506.0245,50,1012.619877
736.0795,50,1013.172145
498.4175,50,1013.66365
864.4625,50,1014.21965
794.176,50,1014.768505
1022.383,50,1015.315269
875.687,50,1015.843789
873.3295,50,1016.369586
743.414,50,1016.939303
753.4585,50,1017.480546
629.677,50,1018.05118
897.95,50,1018.587846
317.336,50,1019.084529
556.819,50,1019.620891
813.727,50,1020.181585
954.516,50,1022.800603
721.486,50,1023.334699
711.734,50,1023.851804
800.6565,50,1024.408536
790.5765,50,1024.995641
886.0285,50,1025.582291
790.2805,50,1026.131999
800.9905,50,1026.699454
645.606,50,1027.211186
893.226,50,1027.779421
564.379,50,1028.274704
655.6645,50,1028.842621
819.276,50,1029.37077
554.44,50,1029.882782
871.8415,50,1030.387589
946.1555,50,1030.932471
764.9895,50,1031.473181
1041.454,50,1032.016995
754.7315,50,1032.568376
557.4485,50,1033.040978
732.686,50,1033.567759
719.501,50,1034.044313
777.6965,50,1034.57674
583.9695,50,1035.105571
637.639,50,1035.652332
408.0245,50,1036.151155
646.9895,50,1036.678884
790.5835,50,1037.215421
714.2005,50,1037.750269
939.101,50,1038.289523
592.909,50,1038.81097
553.385,50,1039.325269
741.8055,50,1039.870865
923.907,50,1040.410238
529.7875,50,1040.908638
648.7995,50,1041.451718
690.5275,50,1041.953457
534.006,50,1042.464809
945.012,50,1043.084925
874.5695,50,1043.694438
680.971,50,1044.320407
898.7705,50,1044.936125
737.5275,50,1045.511154
943.812,50,1046.108373
1047.681,50,1046.672109
798.7665,50,1047.176755
877.9745,50,1047.684595
690.3225,50,1048.225646
969.845,50,1048.780568
902.8755,50,1049.31415
777.998,50,1049.819316
818.6165,50,1050.368316
595.1155,50,1050.850945
899.0565,50,1051.357776
509.8995,50,1051.814067
853.5425,50,1052.387446
459.6025,50,1052.895349
773.1615,50,1053.468899
745.385,50,1054.063311
735.66,50,1054.583373
635.5625,50,1055.072194
622.1785,50,1055.618677
803.756,50,1056.191369
589.361,50,1058.064561
802.8905,50,1058.64714
599.1245,50,1059.190681
597.526,50,1059.719927
518.534,50,1060.277756
941.629,50,1060.824883
820.367,50,1061.376509
872.5875,50,1061.949097
1009.4585,50,1062.543396
872.6165,50,1063.1165
875.4355,50,1063.683929
1040.454,50,1064.225232
623.9,50,1064.718643
679.4265,50,1065.223736
957.8035,50,1065.794358
718.8005,50,1066.308359
753.3055,50,1066.858008
881.1565,50,1067.426351
573.1325,50,1067.902121
1028.9765,50,1068.455706
522.753,50,1068.943882
785.5125,50,1069.480218
894.186,50,1070.042424
705.0145,50,1070.595621
817.7395,50,1071.119015
541.795,50,1071.657112
474.7115,50,1072.178797
896.4545,50,1072.706601
891.492,50,1073.25557
888.7095,50,1073.845269
729.7285,50,1074.400569
605.343,50,1074.944505
527.6265,50,1075.491497
740.9635,50,1076.042748
785.3735,50,1076.593444
891.6285,50,1077.172246
761.914,50,1077.749488
742.6695,50,1078.300656
652.2105,50,1078.831722
517.9605,50,1079.314517
498.644,50,1079.834968
656.4495,50,1080.3708
523.8545,50,1080.937341
912.202,50,1081.492146
789.3165,50,1082.028258
517.994,50,1082.561592
884.7515,50,1083.10328
582.2575,50,1083.642467
661.6255,50,1084.165548
744.5235,50,1084.718072
730.896,50,1085.248351
1036.1605,50,1085.801069
729.0625,50,1086.307697
753.943,50,1086.831157
941.518,50,1087.408219
823.6095,50,1087.952838
882.7725,50,1088.515435
408.3955,50,1089.028199
977.293,50,1089.605644
886.2605,50,1090.171255
883.4115,50,1090.732224
756.143,50,1091.323024
925.0865,50,1091.863175
665.319,50,1094.63403
558.0035,50,1095.159235
638.0765,50,1095.679684
898.1735,50,1096.25351
811.6275,50,1096.814292
744.382,50,1097.374353
747.9235,50,1097.948687
649.377,50,1098.467527
734.501,50,1099.058808
724.308,50,1099.630642
829.666,50,1100.183938
809.9115,50,1100.721251
298.4265,50,1101.197917
1035.8235,50,1101.755956
670.1995,50,1102.257232
570.0215,50,1102.774074
796.7125,50,1103.280044
983.0435,50,1103.824927
902.72,50,1104.396328
771.095,50,1104.941552
583.28,50,1105.46303
800.6505,50,1105.985127
669.664,50,1106.527126
829.255,50,1107.089953
723.066,50,1107.623574
789.428,50,1108.1889
822.316,50,1108.730611
620.8505,50,1109.271205
735.215,50,1109.788969
901.844,50,1110.317787
814.444,50,1110.865442
789.6055,50,1111.419328
666.758,50,1111.969974
761.582,50,1112.54083
592.9885,50,1113.107831
934.244,50,1113.645614
629.2595,50,1114.179434
688.102,50,1114.751904
694.8965,50,1115.293358
388.021,50,1115.80388
801.088,50,1116.341397
736.8285,50,1116.912563
740.179,50,1117.457895
518.6375,50,1117.981317
790.7195,50,1118.502354
645.7105,50,1119.032113
966.493,50,1119.587348
1044.6225,50,1120.174911
733.85,50,1120.693795
741.744,50,1121.226503
720.807,50,1121.755474
721.316,50,1122.269575
872.329,50,1122.854276
848.3975,50,1123.386512
502.9975,50,1123.867629
649.2935,50,1124.390607
577.9345,50,1124.914472
849.148,50,1125.4649
926.0345,50,1126.078256
820.247,50,1126.60706
588.1695,50,1127.125959
921.128,50,1127.712153
600.262,50,1128.245934
741.053,50,1130.265629
506.0285,50,1130.804074
556.8215,50,1131.35339
974.449,50,1131.959723
765.138,50,1132.507176
799.665,50,1133.059545
655.4695,50,1133.614185
822.711,50,1134.195042
654.5025,50,1134.722127
763.374,50,1135.312072
1008.955,50,1135.884283
799.2435,50,1136.422422
599.9305,50,1136.92766
612.0615,50,1137.449349
641.3685,50,1137.997396
953.587,50,1138.529486
901.606,50,1139.080891
664.8465,50,1139.640007
958.187,50,1140.19428
661.6345,50,1140.73364
728.57,50,1141.273549
517.2155,50,1141.869573
586.0495,50,1142.425954
802.1195,50,1142.971433
672.6905,50,1143.525353
629.6725,50,1144.046766
673.6105,50,1144.610251
961.202,50,1145.203775
581.3115,50,1145.778275
532.099,50,1146.351065
980.462,50,1146.944254
634.821,50,1147.519351
802.6305,50,1148.083199
886.539,50,1148.674566
688.852,50,1149.223858
680.426,50,1149.754022
847.6985,50,1150.319696
504.636,50,1150.843831
947.326,50,1151.461418
720.7175,50,1152.010318
634.7485,50,1152.540881
971.697,50,1153.070167
732.944,50,1153.59836
815.262,50,1154.135919
645.2115,50,1154.666386
665.195,50,1155.19566
745.8815,50,1155.748392
827.8715,50,1156.260684
671.092,50,1156.812672
707.913,50,1157.340028
796.9625,50,1157.890949
755.3915,50,1158.440531
598.465,50,1159.026763
707.3715,50,1159.550766
735.2505,50,1160.096417
841.875,50,1160.640045
742.7285,50,1161.227035
659.7515,50,1161.852721
965.71,50,1162.465547
820.064,50,1163.002423
724.285,50,1163.550015
614.424,50,1164.076877
653.0565,50,1164.595882
751.591,50,1167.167705
718.405,50,1167.738253
716.1145,50,1168.273631
708.2635,50,1168.834853
912.2145,50,1169.447067
798.094,50,1170.011346
491.747,50,1170.575557
592.2935,50,1171.116533
684.324,50,1171.663607
626.1485,50,1172.171096
1176.1995,50,1172.748784
835.6085,50,1173.324941
732.051,50,1173.878175
581.271,50,1174.390766
755.5095,50,1174.927695
742.5135,50,1175.491511
659.249,50,1176.030181
899.6385,50,1176.570125
712.685,50,1177.126294
961.0185,50,1177.678586
645.0825,50,1178.247374
534.3315,50,1178.767812
803.217,50,1179.357453
830.117,50,1179.908188
882.502,50,1180.479707
569.3595,50,1181.029159
946.5275,50,1181.603192
786.422,50,1182.178208
582.639,50,1182.734901
618.3255,50,1183.313418
733.519,50,1183.867428
484.1855,50,1184.398179
664.7965,50,1184.916272
706.049,50,1185.445747
884.484,50,1186.016822
728.7645,50,1186.557079
425.8585,50,1187.09281
758.7405,50,1187.642617
377.568,50,1188.191426
908.253,50,1188.77322
733.9815,50,1189.298011
531.8645,50,1189.809015
680.0745,50,1190.330193
521.4675,50,1190.840115
944.5205,50,1191.389936
963.3835,50,1191.91687
484.879,50,1192.406171
861.139,50,1192.931464
663.6085,50,1193.463298
606.945,50,1193.962711
596.335,50,1194.48684
968.202,50,1195.109627
606.0955,50,1195.648562
839.3975,50,1196.201802
1026.6555,50,1196.810315
565.486,50,1197.335436
814.512,50,1197.904292
803.3005,50,1198.480789
594.5425,50,1198.997028
765.059,50,1199.525261
382.572,50,1200.032897
469.8945,50,1200.587735
856.1115,50,1201.155172
876.461,50,1203.235813
951.604,50,1203.812719
707.394,50,1204.384372
669.3685,50,1204.971704
1044.241,50,1205.569794
878.845,50,1206.100023
726.6475,50,1206.634444
760.8935,50,1207.180807
654.2155,50,1207.706691
586.6385,50,1208.209838
964.945,50,1208.785206
647.7895,50,1209.317457
1014.048,50,1209.888872
813.3175,50,1210.432782
741.0585,50,1210.940657
878.4685,50,1211.468199
592.2845,50,1211.974891
463.1795,50,1212.4545
602.9885,50,1213.005995
515.417,50,1213.551555
737.347,50,1214.097787
816.62,50,1214.670371
748.293,50,1215.216952
919.096,50,1215.785481
994.5125,50,1216.377403
821.591,50,1216.915922
949.2385,50,1217.508432
659.268,50,1218.023493
506.5835,50,1218.582322
1021.5835,50,1219.178543
677.1625,50,1219.758353
792.227,50,1220.344736
779.256,50,1220.893235
748.967,50,1221.465017
741.308,50,1222.03095
821.8775,50,1222.62532
746.9845,50,1223.192124
1013.956,50,1223.788051
818.439,50,1224.384754
556.917,50,1224.916192
757.143,50,1225.447873
667.7975,50,1225.980812
943.3675,50,1226.538289
955.411,50,1227.111675
885.883,50,1227.662748
1026.4185,50,1228.231634
864.6735,50,1228.779472
616.53,50,1229.310387
585.7965,50,1229.838696
734.961,50,1230.344744
532.8225,50,1230.873471
517.489,50,1231.398802
815.5935,50,1231.886638
515.546,50,1232.399867
670.011,50,1232.900505
660.3785,50,1233.449281
1021.37,50,1234.048763
774.847,50,1234.620063
689.8965,50,1235.203868
817.4295,50,1235.786498
679.7975,50,1236.311777
1040.8255,50,1236.892056
507.9925,50,1237.442458
650.007,50,1239.953231
795.4995,50,1240.52035
889.9565,50,1241.121921
713.6465,50,1241.703825
648.7185,50,1242.209085
897.349,50,1242.751664
702.8115,50,1243.282522
665.9645,50,1243.84767
696.0645,50,1244.402748
709.503,50,1244.925492
655.7255,50,1245.457251
716.9885,50,1246.004799
707.233,50,1246.509166
864.245,50,1247.064725
589.2145,50,1247.565901
803.3265,50,1248.090325
945.9275,50,1248.63688
591.749,50,1249.14317
683.1235,50,1249.700413
426.212,50,1250.226097
891.0035,50,1250.799323
754.789,50,1251.350554
723.491,50,1251.879
634.0775,50,1252.423477
887.028,50,1253.020486
702.058,50,1253.565536
581.9905,50,1254.094823
894.2245,50,1254.66218
510.439,50,1255.203982
865.293,50,1255.764099
729.7045,50,1256.338824
811.8785,50,1256.959289
733.474,50,1257.534857
667.0755,50,1258.000462
920.612,50,1258.570243
1185.8705,50,1259.181148
867.015,50,1259.790434
715.554,50,1260.362513
724.0795,50,1260.872919
982.594,50,1261.442471
505.826,50,1261.897695
601.3865,50,1262.399755
608.2035,50,1262.920386
367.9215,50,1263.378695
805.799,50,1263.902387
672.6795,50,1264.434134
652.845,50,1264.948104
739.2735,50,1265.478899
523.448,50,1265.994449
436.5405,50,1266.516984
661.4935,50,1267.04827
555.9725,50,1267.572175
794.7995,50,1268.12645
796.526,50,1268.717286
646.6735,50,1269.220575
453.879,50,1269.813638
689.254,50,1270.355321
987.735,50,1270.941503
740.894,50,1271.483318
832.1885,50,1272.030666
735.724,50,1272.630972
818.642,50,1273.197188
855.094,50,1273.764511
526.8055,50,1275.756496
1029.7675,50,1276.352799
463.5165,50,1276.906127
617.348,50,1277.511894
854.385,50,1278.091961
761.2985,50,1278.623062
596.3525,50,1279.154367
1033.406,50,1279.752148
505.243,50,1280.279822
838.0415,50,1280.837453
655.1035,50,1281.401516
678.0915,50,1281.908164
880.5475,50,1282.4151
629.91,50,1282.933511
938.246,50,1283.482165
667.682,50,1283.977101
672.5175,50,1284.527732
842.5335,50,1285.128822
646.4845,50,1285.678822
867.167,50,1286.301701
848.3245,50,1286.928038
894.4645,50,1287.51789
804.771,50,1288.167477
771.1445,50,1288.715682
720.7725,50,1289.269089
608.757,50,1289.806193
564.193,50,1290.371361
906.1855,50,1290.921772
582.781,50,1291.48941
612.6535,50,1292.02874
674.314,50,1292.593471
833.9065,50,1293.155228
725.1205,50,1293.735626
842.3165,50,1294.263125
549.4485,50,1294.81602
796.655,50,1295.38363
780.736,50,1295.913558
653.774,50,1296.478607
612.274,50,1297.065909
591.7655,50,1297.621168
1019.721,50,1298.216585
794.995,50,1298.747261
708.498,50,1299.248775
715.5425,50,1299.803364
527.703,50,1300.280097
662.514,50,1300.801286
573.8715,50,1301.314128
804.39,50,1301.870983
748.7155,50,1302.422785
851.6655,50,1303.025176
526.1195,50,1303.536335
868.1735,50,1304.160505
948.067,50,1304.727823
608.383,50,1305.260622
646.844,50,1305.855665
894.595,50,1306.409155
655.16,50,1306.94827
591.213,50,1307.501298
748.008,50,1308.054402
701.187,50,1308.637401
803.574,50,1309.219529
496.6715,50,1309.708229
564.835,50,1310.220792
500.6965,50,1313.566491
921.273,50,1314.120035
896.874,50,1314.760691
623.2875,50,1315.282249
621.8605,50,1315.83874
599.137,50,1316.356118
893.2285,50,1316.88526
666.2595,50,1317.435138
756.294,50,1317.966271
668.3015,50,1318.509484
507.3955,50,1319.011655
600.7425,50,1319.540828
719.8695,50,1320.117552
662.7515,50,1320.646504
1041.124,50,1321.228348
779.496,50,1321.760781
964.3305,50,1322.338681
778.617,50,1322.891014
742.788,50,1323.467247
883.576,50,1323.997152
1100.544,50,1324.569689
846.2095,50,1325.112754
630.2925,50,1325.642973
813.659,50,1326.207615
686.6235,50,1326.797086
664.599,50,1327.397649
871.898,50,1328.026343
730.6495,50,1328.572359
628.251,50,1329.114221
684.9645,50,1329.697122
566.8345,50,1330.266769
736.016,50,1330.899081
819.8455,50,1331.470204
886.5335,50,1332.066186
688.27,50,1332.574145
784.7265,50,1333.134717
818.1825,50,1333.683819
954.6435,50,1334.235089
577.315,50,1334.738432
734.433,50,1335.263472
671.455,50,1335.789368
734.106,50,1336.362034
877.1765,50,1336.921901
746.5475,50,1337.482418
804.478,50,1338.00504
589.764,50,1338.551625
1163.784,50,1339.11934
895.3205,50,1339.691467
451.8865,50,1340.241855
648.2745,50,1340.769193
445.188,50,1341.329276
465.184,50,1341.925776
1026.437,50,1342.51488
650.9095,50,1343.052774
978.534,50,1343.616227
918.562,50,1344.210738
565.067,50,1344.788091
708.6225,50,1345.315688
613.5525,50,1345.848207
810.898,50,1346.450203
624.617,50,1347.006427
668.229,50,1347.536701
672.812,50,1348.126932
653.467,50,1350.161343
791.8605,50,1350.736794
947.2315,50,1351.314878
863.975,50,1351.881815
440.7605,50,1352.407915
1039.3645,50,1352.980395
895.628,50,1353.537552
717.104,50,1354.087802
1026.462,50,1354.669981
650.6595,50,1355.199585
717.301,50,1355.75331
805.5145,50,1356.304123
812.5235,50,1356.878702
979.0835,50,1357.453266
883.343,50,1358.003054
706.595,50,1358.526512
760.893,50,1359.099203
882.5735,50,1359.696893
741.8135,50,1360.289378
1029.3235,50,1360.902449
435.6395,50,1361.426402
734.4365,50,1362.019376
621.312,50,1362.586127
488.698,50,1363.123417
636.879,50,1363.675094
864.4405,50,1364.268047
758.321,50,1364.864237
771.1875,50,1365.434558
603.557,50,1366.001172
543.1515,50,1366.609789
815.4995,50,1367.22972
725.3805,50,1367.869487
760.9955,50,1368.423094
893.409,50,1368.988777
489.994,50,1369.516803
676.3845,50,1370.061377
876.21,50,1370.585058
899.0785,50,1371.135321
742.1135,50,1371.663467
1034.9155,50,1372.255298
924.261,50,1372.827563
811.166,50,1373.376407
942.0075,50,1373.947345
682.5475,50,1374.490617
932.014,50,1375.058106
825.0575,50,1375.629499
800.9555,50,1376.191802
722.3635,50,1376.765256
650.15,50,1377.312459
463.0595,50,1377.829772
608.5145,50,1378.384101
1023.5125,50,1378.996454
436.4055,50,1379.569609
757.93,50,1380.140194
918.6475,50,1380.718655
798.222,50,1381.283424
906.9605,50,1381.850034
547.829,50,1382.369834
734.086,50,1382.941415
699.7585,50,1383.535096
733.5095,50,1384.059358
849.498,50,1384.614589
580.6785,50,1385.14839
727.889,50,1387.342828
1028.0685,50,1387.93558
877.7635,50,1388.533637
954.475,50,1389.107904
950.1575,50,1389.675328
634.849,50,1390.201229
741.9545,50,1390.769797
1031.4595,50,1391.343067
654.123,50,1391.861276
835.435,50,1392.388316
663.258,50,1392.916687
569.3815,50,1393.436866
820.1345,50,1393.958141
764.4415,50,1394.489285
736.7645,50,1395.104688
737.2055,50,1395.656786
660.1035,50,1396.233037
480.7895,50,1396.744073
807.643,50,1397.316601
752.31,50,1397.862517
879.5715,50,1398.472044
652.356,50,1399.007318
790.034,50,1399.553244
445.486,50,1400.074094
735.7785,50,1400.647178
715.1985,50,1401.191122
504.2765,50,1401.720477
651.7815,50,1402.249769
963.473,50,1402.842835
960.559,50,1403.497623
493.6015,50,1404.027955
951.1995,50,1404.659472
551.8855,50,1405.199622
828.454,50,1405.746162
893.703,50,1406.343206
828.324,50,1406.869001
504.798,50,1407.414528
720.947,50,1407.978224
743.3825,50,1408.491735
884.83,50,1409.019002
633.183,50,1409.524968
802.765,50,1410.071067
888.6465,50,1410.666183
650.574,50,1411.192572
939.307,50,1411.765465
755.4905,50,1412.315152
939.584,50,1412.931965
666.044,50,1413.526809
923.0705,50,1414.154055
656.8835,50,1414.710462
652.468,50,1415.288553
714.2795,50,1415.863592
907.3055,50,1416.452538
658.673,50,1417.036914
661.458,50,1417.604202
527.4945,50,1418.120565
893.4375,50,1418.681478
772.2295,50,1419.21784
602.806,50,1419.776083
931.2645,50,1420.331672
765.125,50,1420.895395
686.4265,50,1421.440505
596.952,50,1421.988054
718.8875,50,1423.985894
643.2075,50,1424.558798
671.9185,50,1425.063869
976.585,50,1425.631381
820.473,50,1426.177221
532.0535,50,1426.66851
949.1295,50,1427.223586
826.8885,50,1427.782734
508.5655,50,1428.291995
582.186,50,1428.820479
999.6395,50,1429.374089
571.712,50,1429.864724
531.047,50,1430.389216
801.844,50,1430.962192
1067.7195,50,1431.558778
505.929,50,1432.110116
818.527,50,1432.696507
720.1695,50,1433.273962
878.1615,50,1433.844601
714.285,50,1434.394899
977.7095,50,1435.038239
961.551,50,1435.586214
872.707,50,1436.175304
945.1285,50,1436.749381
1019.062,50,1437.373032
676.47,50,1437.94008
883.683,50,1438.488581
659.499,50,1439.037237
609.281,50,1439.556052
1085.1565,50,1440.172308
1117.048,50,1440.789159
731.8355,50,1441.417939
828.2685,50,1441.972524
1050.211,50,1442.544973
896.882,50,1443.071964
875.4275,50,1443.640754
955.7955,50,1444.211723
838.555,50,1444.785578
785.616,50,1445.329374
570.245,50,1445.861517
598.4935,50,1446.382717
734.9595,50,1446.908114
881.204,50,1447.483977
709.9125,50,1448.021647
741.6565,50,1448.656234
587.152,50,1449.204552
554.8925,50,1449.733256
694.8765,50,1450.280935
749.444,50,1450.849803
735.4775,50,1451.390108
853.8025,50,1451.957224
1017.1995,50,1452.549268
608.2485,50,1453.112795
597.1865,50,1453.673316
621.4825,50,1454.219113
347.1255,50,1454.727842
658.6185,50,1455.268265
706.6795,50,1455.812315
916.902,50,1456.362222
671.9215,50,1456.889003
603.7105,50,1457.392596
700.9305,50,1457.922187
857.066,50,1458.483402
935.392,50,1460.448669
756.342,50,1461.035848
840.7435,50,1461.580728
655.242,50,1462.143576
880.906,50,1462.712592
725.4365,50,1463.215204
664.825,50,1463.762492
792.4035,50,1464.284114
736.896,50,1464.8344
725.121,50,1465.402769
736.0575,50,1465.934797
545.6685,50,1466.480275
1073.502,50,1467.108798
651.0765,50,1467.679714
1035.051,50,1468.27741
635.843,50,1468.855226
456.0545,50,1469.422223
865.2305,50,1469.989402
992.8325,50,1470.578259
823.2135,50,1471.153451
728.0225,50,1471.718185
835.812,50,1472.283229
858.733,50,1472.858147
868.0465,50,1473.418456
472.004,50,1473.943025
868.87,50,1474.556896
724.438,50,1475.133524
697.7505,50,1475.723465
583.793,50,1476.28805
892.146,50,1476.871349
877.008,50,1477.484058
711.2815,50,1478.046664
754.0035,50,1478.563496
874.529,50,1479.137789
724.8015,50,1479.66006
744.112,50,1480.180066
440.834,50,1480.7365
729.1325,50,1481.259667
876.155,50,1481.833879
656.2205,50,1482.38183
798.841,50,1482.930945
802.324,50,1483.500261
634.728,50,1484.018116
922.666,50,1484.575204
669.7215,50,1485.185853
921.8465,50,1485.799461
670.745,50,1486.339689
965.8195,50,1486.959693
736.1665,50,1487.559118
944.947,50,1488.147785
888.394,50,1488.713485
891.2315,50,1489.270909
791.661,50,1489.85837
655.0735,50,1490.420061
801.552,50,1491.015531
707.478,50,1491.600812
758.651,50,1492.156523
752.454,50,1492.733407
883.009,50,1493.310924
837.871,50,1493.880254
416.474,50,1494.384123
863.993,50,1495.027997
593.472,50,1495.542841
318.497,50,1496.028321
743.208,50,1496.607498
818.016,50,1497.13872
713.8255,50,1497.672899
581.322,50,1498.204027
619.889,50,1498.73721
891.9185,50,1499.308517
896.3525,50,1499.887012
899.6585,50,1500.440425
432.8655,50,1500.949496
727.2085,50,1501.501318
547.726,50,1503.504533
593.2725,50,1504.05992
488.8345,50,1504.585096
736.109,50,1505.119529
759.483,50,1505.673637
778.506,50,1506.264035
559.455,50,1506.815803
779.523,50,1507.376677
771.0255,50,1507.944355
835.7675,50,1508.519387
851.293,50,1509.088018
643.4485,50,1509.642564
651.7225,50,1510.224881
823.616,50,1510.81326
666.4685,50,1511.356585
771.3405,50,1511.897057
970.522,50,1512.50621
690.7555,50,1513.07098
808.9595,50,1513.675325
884.2565,50,1514.288196
548.078,50,1514.837376
1121.399,50,1515.453629
939.2875,50,1516.04156
874.1665,50,1516.633343
659.557,50,1517.166854
802.999,50,1517.716517
844.409,50,1518.250171
1038.633,50,1518.824616
1076.62,50,1519.415696
575.4555,50,1519.947461
665.7185,50,1520.474852
943.0515,50,1521.073064
968.4045,50,1521.637365
882.167,50,1522.202839
828.0555,50,1522.774796
728.224,50,1523.319537
723.4625,50,1523.914871
348.165,50,1524.437121
864.8945,50,1524.99471
693.213,50,1525.553881
405.4935,50,1526.124266
585.004,50,1526.721501
814.4815,50,1527.350357
720.559,50,1527.915337
756.685,50,1528.46701
655.6115,50,1529.051898
591.0155,50,1529.598912
937.779,50,1530.212442
399.3395,50,1530.72941
755.976,50,1531.290442
1206.146,50,1531.907484
591.7465,50,1532.441669
798.9145,50,1532.969607
756.66,50,1533.499279
818.0475,50,1534.052129
868.658,50,1534.61273
723.3935,50,1535.16353
581.2345,50,1535.688264
877.0625,50,1536.265654
671.0695,50,1536.77604
737.652,50,1537.277972
1033.3185,50,1537.846987
666.3995,50,1538.41151
973.7415,50,1540.412644
677.227,50,1540.983871
528.73,50,1541.489836
726.6445,50,1542.064648
1037.65,50,1542.678922
673.565,50,1543.269069
734.121,50,1543.818782
506.206,50,1544.387342
962.816,50,1544.981055
589.853,50,1545.532428
1159.796,50,1546.18034
695.336,50,1546.723291
885.785,50,1547.287662
545.152,50,1547.853183
968.7795,50,1548.42399
901.145,50,1549.039547
899.3485,50,1549.666292
987.953,50,1550.25054
594.36,50,1550.802339
368.0005,50,1551.346066
672.5995,50,1551.909677
772.705,50,1552.46015
721.3065,50,1553.005221
856.513,50,1553.571513
682.805,50,1554.104168
829.5505,50,1554.669512
878.578,50,1555.222779
799.229,50,1555.744603
742.4765,50,1556.270697
941.9635,50,1556.845684
619.821,50,1557.404837
619.7525,50,1557.951798
544.575,50,1558.490433
763.519,50,1559.059468
853.4895,50,1559.645138
838.6575,50,1560.235331
797.358,50,1560.849938
397.3355,50,1561.344791
606.585,50,1561.920926
316.8715,50,1562.461213
637.95,50,1563.029178
676.94,50,1563.570542
1078.835,50,1564.17074
776.1695,50,1564.746561
872.5855,50,1565.345503
792.839,50,1565.937318
547.3895,50,1566.46798
887.3705,50,1567.018886
615.851,50,1567.598147
489.5615,50,1568.138802
875.932,50,1568.695885
792.116,50,1569.241444
945.251,50,1569.776573
563.554,50,1570.30439
842.8345,50,1570.883092
654.031,50,1571.416628
727.0525,50,1571.966358
813.7295,50,1572.520057
615.1445,50,1573.06111
866.944,50,1573.587688
724.2965,50,1574.123712
1084.151,50,1574.749126
888.3675,50,1575.29409
334.321,50,1577.182387
897.6625,50,1577.741645
812.2835,50,1578.33551
1036.9905,50,1578.944566
521.844,50,1579.543062
855.7385,50,1580.141507
633.461,50,1580.684156
683.704,50,1581.302652
715.3805,50,1581.879333
952.575,50,1582.544935
736.5425,50,1583.152444
875.2065,50,1583.744244
767.0785,50,1584.284774
739.114,50,1584.817555
728.7355,50,1585.356488
810.86,50,1585.93079
731.3575,50,1586.502182
523.495,50,1587.056705
730.513,50,1587.594493
795.399,50,1588.139862
747.5235,50,1588.701502
810.8085,50,1589.27223
989.122,50,1589.840929
628.3325,50,1590.388562
405.822,50,1590.906075
363.593,50,1591.434777
876.7855,50,1591.973265
560.274,50,1592.494606
517.032,50,1593.018126
659.3405,50,1593.59744
931.4035,50,1594.190927
673.9415,50,1594.765228
649.938,50,1595.337162
889.187,50,1595.895447
658.3085,50,1596.469532
685.622,50,1597.062804
826.609,50,1597.657085
807.565,50,1598.245639
827.261,50,1598.795236
676.616,50,1599.385039
584.085,50,1599.953573
671.5535,50,1600.567956
652.2615,50,1601.136766
590.5805,50,1601.728725
754.429,50,1602.329682
815.046,50,1602.903219
660.1195,50,1603.500946
609.8075,50,1604.066
479.7175,50,1604.618793
735.769,50,1605.202569
805.563,50,1605.773548
865.4565,50,1606.365245
650.932,50,1606.916529
724.303,50,1607.486151
817.0785,50,1608.037939
563.006,50,1608.540704
975.158,50,1609.115073
667.836,50,1609.644747
885.807,50,1610.190367
657.6615,50,1610.737901
741.3685,50,1611.303168
910.8365,50,1611.901916
805.722,50,1612.478289
834.469,50,1614.492763
528.714,50,1615.059149
693.0205,50,1615.624736
862.0835,50,1616.17211
759.722,50,1616.77144
802.5875,50,1617.378377
954.2155,50,1617.95945
537.2185,50,1618.463719
953.4975,50,1619.050352
615.6735,50,1619.561017
1102.7765,50,1620.152255
1031.268,50,1620.723392
707.2005,50,1621.229619
623.2945,50,1621.79038
802.572,50,1622.367852
928.666,50,1622.959483
581.1155,50,1623.527871
484.1495,50,1624.030127
940.5105,50,1624.616392
722.801,50,1625.176943
937.5405,50,1625.798963
901.757,50,1626.369843
811.8995,50,1626.918914
982.5365,50,1627.500049
766.749,50,1628.028166
620.7605,50,1628.572459
808.908,50,1629.129488
731.1425,50,1629.674669
643.284,50,1630.27729
620.729,50,1630.80242
568.3475,50,1631.370403
723.631,50,1631.925773
594.514,50,1632.477908
523.602,50,1633.053022
696.938,50,1633.605177
794.4485,50,1634.176618
498.012,50,1634.720774
886.0405,50,1635.278989
828.0665,50,1635.845374
711.503,50,1636.411937
994.645,50,1637.030145
689.662,50,1637.590999
475.671,50,1638.097628
1027.226,50,1638.706628
724.017,50,1639.262037
919.4065,50,1639.872139
558.932,50,1640.43721
772.762,50,1641.002247
906.144,50,1641.554607
942.1795,50,1642.105494
843.1075,50,1642.636302
740.98,50,1643.184421
926.914,50,1643.742034
510.9755,50,1644.278027
602.914,50,1644.795798
719.1485,50,1645.347103
664.64,50,1645.879399
617.9065,50,1646.418775
908.89,50,1646.961335
888.805,50,1647.524732
742.428,50,1648.08833
580.567,50,1648.607314
489.0615,50,1649.166754
627.013,50,1651.839099
741.467,50,1652.414019
1029.433,50,1652.981316
845.526,50,1653.630007
630.66,50,1654.231994
764.87,50,1654.816847
597.7385,50,1655.365989
1172.6485,50,1655.986788
934.2195,50,1656.559576
818.705,50,1657.125588
822.9985,50,1657.683264
803.128,50,1658.275549
352.8195,50,1658.799513
746.6675,50,1659.409502
665.929,50,1659.976287
693.5595,50,1660.511065
779.842,50,1661.041015
821.867,50,1661.637549
813.159,50,1662.229848
631.915,50,1662.810309
652.502,50,1663.337278
674.324,50,1663.893391
876.9005,50,1664.462538
657.827,50,1664.980458
750.7635,50,1665.557775
919.8025,50,1666.127864
522.3495,50,1666.632703
801.8615,50,1667.217524
569.3535,50,1667.808557
736.225,50,1668.400912
753.0915,50,1668.99133
897.5145,50,1669.584744
819.2865,50,1670.180824
808.7635,50,1670.742686
1021.1825,50,1671.366858
765.1495,50,1671.946768
706.204,50,1672.516701
661.834,50,1673.129159
1177.03,50,1673.747339
732.169,50,1674.292649
879.942,50,1674.888746
520.9195,50,1675.398837
711.769,50,1675.967624
788.6665,50,1676.534053
609.249,50,1677.080259
654.3665,50,1677.661617
797.6545,50,1678.278197
805.8965,50,1678.871453
565.7135,50,1679.384325
1019.5045,50,1679.964068
1008.567,50,1680.492495
718.152,50,1681.020519
452.924,50,1681.563004
868.6205,50,1682.119586
719.1045,50,1682.696758
587.128,50,1683.269554
797.0325,50,1683.868562
709.973,50,1684.45523
775.5315,50,1685.054131
865.955,50,1685.687016
596.043,50,1686.257127
759.3035,50,1686.892191
526.2335,50,1687.408573
652.0605,50,1689.414284
862.5225,50,1690.001204
566.9825,50,1690.54761
878.2405,50,1691.182635
549.1385,50,1691.72436
865.539,50,1692.327343
775.981,50,1692.879965
1115.9105,50,1693.491514
897.172,50,1694.083412
728.5015,50,1694.629067
541.045,50,1695.193495
466.8615,50,1695.765378
740.616,50,1696.357411
604.8725,50,1696.935275
784.084,50,1697.537982
1121.438,50,1698.151107
464.102,50,1698.696533
646.9495,50,1699.221678
1011.433,50,1699.79619
783.8575,50,1700.344173
928.2605,50,1700.889712
638.7235,50,1701.439986
1010.1015,50,1702.020023
696.2575,50,1702.575168
841.2915,50,1703.12245
912.537,50,1703.671789
596.343,50,1704.216027
1094.0105,50,1704.801691
513.069,50,1705.390248
588.8865,50,1705.957645
739.4905,50,1706.534441
731.398,50,1707.104321
884.3565,50,1707.692583
351.3365,50,1708.197448
867.7405,50,1708.790172
520.6475,50,1709.371898
501.746,50,1709.946565
588.1395,50,1710.49478
807.7255,50,1711.064873
879.51,50,1711.662261
440.1415,50,1712.252434
949.3935,50,1712.836447
675.551,50,1713.425127
804.3955,50,1713.994138
828.188,50,1714.549807
601.9555,50,1715.091856
802.1635,50,1715.662717
589.4295,50,1716.189043
590.1045,50,1716.718948
735.2155,50,1717.263935
951.663,50,1717.85071
652.6975,50,1718.414982
782.2125,50,1718.982538
1051.4,50,1719.572413
750.6435,50,1720.132994
855.9935,50,1720.693311
947.55,50,1721.266979
919.5075,50,1721.842095
1019.0135,50,1722.459118
887.314,50,1723.051298
985.589,50,1723.675606
828.562,50,1724.24847
584.0285,50,1724.815374
559.142,50,1728.112895
719.1655,50,1728.678386
884.7785,50,1729.241707
790.7205,50,1729.805617
811.1655,50,1730.392135
904.1865,50,1730.964956
674.861,50,1731.547454
651.7105,50,1732.114112
748.433,50,1732.708942
786.3525,50,1733.280117
812.6935,50,1733.84639
931.558,50,1734.426906
743.6635,50,1734.990877
590.902,50,1735.542208
535.248,50,1736.088265
863.755,50,1736.688776
1039.959,50,1737.258102
658.9425,50,1737.835105
711.9445,50,1738.405449
738.3615,50,1738.950859
667.5345,50,1739.474995
820.4295,50,1740.005472
573.4305,50,1740.554601
744.4105,50,1741.154637
689.102,50,1741.676846
677.21,50,1742.219595
775.0825,50,1742.814684
431.9115,50,1743.32903
607.663,50,1743.885748
774.3435,50,1744.434888
810.7805,50,1745.000285
715.326,50,1745.555201
815.4705,50,1746.123429
1045.93,50,1746.758911
906.124,50,1747.332934
878.658,50,1747.928422
651.9005,50,1748.464035
901.679,50,1749.05666
400.9655,50,1749.57619
745.054,50,1750.138332
767.5775,50,1750.717887
595.888,50,1751.351987
1000.618,50,1751.988085
694.4525,50,1752.63269
908.977,50,1753.211121
643.057,50,1753.7384
796.164,50,1754.299821
577.943,50,1754.812368
835.951,50,1755.356752
1116.8505,50,1755.972051
790.9775,50,1756.526378
708.721,50,1757.039075
514.9475,50,1757.589751
594.734,50,1758.115785
821.29,50,1758.696278
723.837,50,1759.218439
787.1665,50,1759.807904
360.4865,50,1760.299057
781.418,50,1760.868633
626.52,50,1761.444238
415.5935,50,1761.968308
721.403,50,1762.562818
699.8615,50,1763.156033
