#{"t_start": 1677817026.6721177, "env_id": "gym_cell/cg-v0"}
r,l,t
367.112375,50,3.019153
415.544875,50,3.376816
523.742375,50,3.778019
408.725875,50,4.138601
386.366,50,4.489463
427.41975,50,4.84045
382.898875,50,5.186244
502.817125,50,5.56263
459.683875,50,5.927885
395.0595,50,6.278573
499.564375,50,6.663821
388.702,50,7.006124
444.341,50,7.378291
324.2795,50,7.725126
396.800625,50,8.063432
446.414125,50,8.421449
382.793438,50,8.774048
364.782375,50,9.106431
433.932,50,9.463785
452.92425,50,9.831327
370.45625,50,10.156912
387.71325,50,10.497421
348.28125,50,10.83107
485.98675,50,11.190798
526.766125,50,11.568906
451.67425,50,11.920681
421.262625,50,12.261256
406.673,50,12.596831
390.299625,50,12.926196
391.488375,50,13.251902
344.687625,50,13.562464
430.915,50,13.949252
410.9635,50,14.331318
384.73625,50,14.697081
543.791375,50,15.113234
452.3545,50,15.489289
408.945375,50,15.851451
501.6475,50,16.225454
353.740375,50,16.562669
425.5415,50,16.932688
373.80075,50,17.258426
398.8735,50,17.621209
426.858,50,17.98937
480.044,50,18.374836
453.156,50,18.738961
388.56725,50,19.093583
376.46425,50,19.449399
383.517,50,19.795184
370.156,50,20.140177
359.98375,50,20.475853
408.299375,50,20.827335
431.388125,50,21.180639
431.417375,50,21.530203
387.66025,50,21.866823
363.93375,50,22.192474
484.036625,50,22.555528
487.676875,50,22.920019
350.1715,50,23.239291
428.484,50,23.581956
332.285,50,23.902562
377.07475,50,24.231232
369.922625,50,24.553573
420.51825,50,26.959698
425.633375,50,27.319448
416.338,50,27.673924
430.059375,50,28.026402
388.50825,50,28.374869
428.7195,50,28.740281
504.82875,50,29.139664
388.59675,50,29.494359
507.450125,50,29.881341
509.629125,50,30.262881
414.63875,50,30.622564
423.951,50,30.978235
469.4285,50,31.39623
463.62275,50,31.805192
434.797625,50,32.196461
384.9585,50,32.538015
428.761,50,32.888174
407.818125,50,33.241323
382.466125,50,33.584226
420.900375,50,33.93255
381.14575,50,34.251193
405.46925,50,34.590446
408.732313,50,34.92579
362.376125,50,35.259069
381.850875,50,35.593858
385.040125,50,35.920529
399.54325,50,36.2573
407.977125,50,36.582535
428.334,50,36.921342
431.22625,50,37.270834
451.82925,50,37.606212
386.1,50,37.953829
404.910625,50,38.301858
422.97325,50,38.651739
411.859375,50,39.00435
447.907875,50,39.378031
391.284938,50,39.730324
407.81525,50,40.071958
451.285125,50,40.420862
383.27375,50,40.76146
375.48525,50,41.091924
412.406625,50,41.438776
366.648375,50,41.760947
427.60575,50,42.122855
397.3485,50,42.465726
401.191,50,42.803581
404.507375,50,43.15222
381.51375,50,43.474637
390.121,50,43.828375
379.638625,50,44.164056
343.562125,50,44.498587
436.997625,50,44.844149
394.71875,50,45.172853
447.820875,50,45.528209
407.37675,50,45.863613
394.06675,50,46.191229
397.946125,50,46.520576
374.041625,50,46.854516
430.247875,50,47.200982
366.84825,50,47.523653
372.629,50,47.84902
378.732375,50,48.17266
452.481875,50,48.543425
370.642,50,51.078268
431.51625,50,51.43772
318.81825,50,51.760514
440.6465,50,52.108716
417.06425,50,52.464001
371.448875,50,52.795715
469.919,50,53.155944
468.011125,50,53.514322
346.8225,50,53.866177
420.633625,50,54.21471
448.093625,50,54.584671
432.595375,50,54.934345
483.587375,50,55.307645
431.9095,50,55.652156
426.658875,50,56.00236
437.1765,50,56.36149
425.08725,50,56.716477
428.365,50,57.075576
462.902875,50,57.46588
389.8505,50,57.803721
348.72875,50,58.138372
446.288,50,58.494134
388.605875,50,58.815255
402.538875,50,59.151216
461.265125,50,59.496567
493.893875,50,59.861137
408.488375,50,60.191329
426.306875,50,60.535635
373.622625,50,60.857017
408.15075,50,61.195311
372.103,50,61.528171
443.386625,50,61.901248
428.411875,50,62.258013
485.451625,50,62.649783
387.04075,50,62.992032
365.337125,50,63.34412
367.656125,50,63.689425
368.914438,50,64.045905
468.601875,50,64.418058
360.28875,50,64.77674
350.354,50,65.127735
473.25725,50,65.515086
463.9215,50,65.90644
423.417,50,66.289834
437.97475,50,66.64755
430.274375,50,67.021506
479.173,50,67.386169
388.833625,50,67.729929
349.636375,50,68.054566
399.885875,50,68.405062
439.58675,50,68.750983
403.661875,50,69.088853
403.82575,50,69.431257
432.333375,50,69.774343
435.79125,50,70.116893
389.235875,50,70.439169
432.824875,50,70.778642
443.36875,50,71.130152
364.167625,50,71.452435
413.2335,50,71.794951
408.476625,50,72.133477
408.2615,50,72.499466
447.5875,50,72.856389
370.6345,50,74.497287
388.368625,50,74.838393
386.84075,50,75.176
469.347125,50,75.530076
408.860625,50,75.875745
428.839375,50,76.225215
394.933375,50,76.560917
418.354875,50,76.9261
433.00825,50,77.27856
404.5585,50,77.626618
390.102375,50,77.964916
383.260375,50,78.29842
509.589125,50,78.670943
409.9065,50,79.019804
392.07275,50,79.358925
375.217875,50,79.69868
427.751375,50,80.060892
421.162625,50,80.421226
378.377,50,80.741208
374.35175,50,81.061738
470.221,50,81.416388
394.9115,50,81.745192
330.7105,50,82.053034
371.661375,50,82.383418
403.357375,50,82.707819
431.84775,50,83.05871
484.887875,50,83.412519
408.7585,50,83.738487
397.1495,50,84.074495
412.468125,50,84.433062
429.143125,50,84.795141
465.174375,50,85.173507
443.548375,50,85.567755
375.59,50,85.933786
548.103,50,86.323417
448.382125,50,86.67782
349.326313,50,87.01281
440.615125,50,87.363056
410.805,50,87.714036
430.215625,50,88.059072
304.54325,50,88.389367
393.288875,50,88.732058
382.48425,50,89.080818
427.101375,50,89.429022
448.767375,50,89.799059
435.381125,50,90.152108
367.932,50,90.489367
433.1025,50,90.846962
390.03525,50,91.189416
410.551375,50,91.523428
430.972875,50,91.877501
387.944,50,92.207963
371.974625,50,92.543884
392.588,50,92.873369
420.018875,50,93.221927
495.04325,50,93.580603
360.13925,50,93.907878
376.621875,50,94.221267
384.765625,50,94.543787
363.880625,50,94.871941
435.929125,50,95.235963
531.54525,50,95.634841
430.669125,50,95.985001
404.7445,50,97.657079
459.536125,50,98.006552
384.523625,50,98.346354
527.1945,50,98.730679
434.389875,50,99.101949
375.002188,50,99.469926
355.825813,50,99.844344
413.6755,50,100.210317
481.058125,50,100.580003
402.216,50,100.931605
471.153375,50,101.308389
451.33625,50,101.66083
401.455813,50,102.013485
444.0625,50,102.378384
412.275,50,102.727444
445.8075,50,103.101309
365.3095,50,103.471276
451.993,50,103.826836
444.530625,50,104.184196
466.33675,50,104.541505
423.41775,50,104.882731
470.289375,50,105.254152
385.405,50,105.57734
390.535375,50,105.90888
431.777125,50,106.259557
475.21775,50,106.610479
402.208625,50,106.949133
438.79075,50,107.286904
393.1445,50,107.636953
460.989125,50,108.000957
443.191125,50,108.371839
379.053,50,108.723
446.306875,50,109.085754
421.918125,50,109.434757
439.367125,50,109.797123
396.884875,50,110.144978
405.614375,50,110.501886
457.319125,50,110.851715
424.09925,50,111.209074
417.633375,50,111.565793
467.441875,50,111.938601
430.5205,50,112.31283
476.589875,50,112.684621
453.938125,50,113.054684
389.569,50,113.391939
439.4075,50,113.748439
392.0395,50,114.085913
386.527125,50,114.429819
391.797875,50,114.756728
557.273,50,115.140274
428.992375,50,115.488421
450.79375,50,115.837502
380.62825,50,116.17587
474.442,50,116.539057
412.910125,50,116.876354
461.81675,50,117.227042
421.004875,50,117.576919
375.86975,50,117.894229
385.958313,50,118.221315
482.072125,50,118.602692
474.392875,50,118.975317
449.198125,50,119.346012
390.590875,50,119.699131
373.467,50,122.111051
535.636625,50,122.499405
431.170125,50,122.853561
361.232,50,123.185064
402.9395,50,123.535666
357.56675,50,123.878831
407.68925,50,124.226719
403.488125,50,124.570202
384.775,50,124.922976
389.797688,50,125.258697
431.820875,50,125.613424
528.97925,50,126.007202
422.465875,50,126.379667
487.852,50,126.757334
466.759875,50,127.140081
416.2215,50,127.494248
406.20225,50,127.835015
421.89125,50,128.168875
413.506375,50,128.518179
369.71775,50,128.837715
491.605813,50,129.203687
367.093875,50,129.525632
428.7365,50,129.867109
383.205875,50,130.197104
381.708875,50,130.523921
389.38575,50,130.863457
409.47075,50,131.203399
410.03225,50,131.551666
440.093125,50,131.914524
409.8975,50,132.272782
488.011,50,132.65822
508.574375,50,133.040454
370.05325,50,133.412022
464.038875,50,133.802312
484.240375,50,134.189297
403.338125,50,134.539578
412.024875,50,134.901449
483.083125,50,135.276678
385.06825,50,135.62837
425.496625,50,135.984572
389.7925,50,136.324662
422.782875,50,136.672802
385.389375,50,137.010682
408.464313,50,137.364567
391.578625,50,137.714387
470.54275,50,138.077068
371.9045,50,138.427022
380.6285,50,138.753136
430.1185,50,139.091918
377.37825,50,139.407007
402.33775,50,139.734149
400.986,50,140.066761
382.224563,50,140.398758
390.657625,50,140.727822
431.771875,50,141.066258
451.321375,50,141.431607
366.187625,50,141.749211
403.16825,50,142.085654
406.43325,50,142.492285
425.1085,50,142.897844
400.54625,50,143.303789
379.391688,50,143.698318
395.586938,50,144.049636
450.142125,50,145.813338
458.708875,50,146.181055
351.641625,50,146.508764
485.5205,50,146.87405
445.844375,50,147.232033
384.1365,50,147.584019
524.955,50,147.973191
394.2625,50,148.32967
465.3855,50,148.696845
426.986,50,149.054982
415.143875,50,149.404709
458.4035,50,149.771737
474.356875,50,150.134032
449.980875,50,150.490859
549.601125,50,150.892001
392.349125,50,151.233461
483.738375,50,151.595737
430.137625,50,151.941067
485.41025,50,152.313716
399.726625,50,152.649082
391.537,50,152.980003
447.39825,50,153.318272
444.34175,50,153.674261
370.46875,50,154.020652
506.890625,50,154.383204
391.03575,50,154.70833
368.416625,50,155.057425
373.8455,50,155.392424
427.93675,50,155.751145
408.352,50,156.127118
411.929625,50,156.491409
429.78525,50,156.863532
418.0045,50,157.236279
429.409375,50,157.593888
469.59275,50,157.968373
429.920875,50,158.301609
508.8335,50,158.678102
408.898375,50,159.027053
370.967125,50,159.36617
364.674,50,159.710629
351.73925,50,160.03023
386.469375,50,160.37745
374.226375,50,160.719145
398.399875,50,161.078698
406.978375,50,161.431567
370.85875,50,161.78354
352.822875,50,162.130049
325.54975,50,162.454215
385.39675,50,162.789356
518.901125,50,163.160885
386.758375,50,163.486329
442.73725,50,163.824414
425.536625,50,164.161515
337.204875,50,164.483061
432.520125,50,164.830175
414.71625,50,165.170564
397.945875,50,165.498584
372.75,50,165.830758
403.993375,50,166.190125
412.9415,50,166.566095
386.338125,50,166.918353
454.110375,50,167.298326
509.676,50,167.679037
450.76,50,169.348262
490.132688,50,169.724332
423.365125,50,170.072371
381.718875,50,170.419757
511.452125,50,170.800389
408.75,50,171.15316
427.705875,50,171.496387
368.6235,50,171.836904
435.048375,50,172.200711
407.95875,50,172.551596
487.39125,50,172.910654
398.678,50,173.256584
440.818,50,173.615791
500.99775,50,173.993351
370.139,50,174.333066
386.182625,50,174.665083
382.996625,50,174.994868
454.521875,50,175.35868
350.56625,50,175.664824
385.833,50,175.998302
486.26625,50,176.369369
391.008625,50,176.703519
371.904625,50,177.028216
427.300125,50,177.366899
371.4275,50,177.680907
362.095375,50,178.008423
388.784875,50,178.35263
415.63725,50,178.722736
376.564125,50,179.105363
410.293,50,179.482528
464.91325,50,179.868168
529.728625,50,180.244118
447.533125,50,180.594888
441.177625,50,180.961873
616.55575,50,181.381521
461.8965,50,181.751282
350.756625,50,182.109929
433.746125,50,182.500976
423.419,50,182.886297
486.9025,50,183.259094
386.7495,50,183.59109
461.515875,50,183.953099
327.8425,50,184.278466
412.322,50,184.629452
473.793,50,185.009668
399.71425,50,185.341579
427.520625,50,185.684263
407.7245,50,186.017127
447.061125,50,186.355901
410.540375,50,186.683577
426.54775,50,187.023252
391.38025,50,187.351201
426.832,50,187.691658
413.801188,50,188.030663
469.093625,50,188.379282
388.165625,50,188.705982
383.357125,50,189.0411
423.851375,50,189.398163
462.837875,50,189.767316
399.2755,50,190.112592
346.4025,50,190.447042
349.556125,50,190.774379
456.33,50,191.15022
406.36375,50,193.730456
418.985063,50,194.089017
368.412625,50,194.408361
467.187,50,194.771474
399.24875,50,195.100567
352.807875,50,195.426096
453.534875,50,195.793418
413.497,50,196.146438
390.046875,50,196.500404
396.712125,50,196.838217
466.0835,50,197.218898
463.173625,50,197.582366
537.050375,50,198.003445
449.510375,50,198.403363
471.684125,50,198.755295
404.66425,50,199.117418
427.544625,50,199.466392
451.018,50,199.822157
504.294875,50,200.197064
390.523375,50,200.550369
470.551,50,200.923159
388.043625,50,201.244721
382.130375,50,201.574851
472.607,50,201.92554
448.255625,50,202.309593
483.389625,50,202.675531
432.404563,50,203.035274
376.6345,50,203.386204
454.556375,50,203.753067
441.178875,50,204.113328
511.61825,50,204.488812
405.712375,50,204.83216
387.686125,50,205.175365
438.6095,50,205.539019
404.55575,50,205.887341
350.823875,50,206.224331
450.79825,50,206.574414
372.85375,50,206.916072
343.557188,50,207.254029
483.88,50,207.657861
438.06975,50,208.021872
371.969375,50,208.367748
506.793,50,208.740099
412.117,50,209.097594
350.54175,50,209.436622
394.648625,50,209.768558
359.365125,50,210.090311
376.2875,50,210.417703
448.0925,50,210.769372
377.816625,50,211.112955
383.495625,50,211.455261
414.28,50,211.797626
432.1225,50,212.144773
382.74275,50,212.477128
392.169375,50,212.816803
452.087625,50,213.191561
514.164125,50,213.58862
385.706563,50,213.933514
390.521,50,214.280044
392.855125,50,214.635258
489.13425,50,215.014461
465.30925,50,215.388314
457.75075,50,215.763234
365.601625,50,217.573603
457.600813,50,217.943009
423.660563,50,218.309106
407.426125,50,218.649682
347.786063,50,219.001408
424.6065,50,219.363572
429.707625,50,219.726143
407.731,50,220.086886
367.413625,50,220.418011
387.862375,50,220.768802
384.734,50,221.144792
384.821438,50,221.524489
437.560938,50,221.882687
397.877125,50,222.225937
425.50675,50,222.571533
411.301375,50,222.908937
378.4345,50,223.238447
369.113,50,223.562983
391.7465,50,223.893343
387.436125,50,224.227111
392.139125,50,224.555519
433.764875,50,224.908004
375.541125,50,225.234343
429.421375,50,225.608732
501.482375,50,225.987594
467.7405,50,226.357798
385.16975,50,226.701261
387.994875,50,227.048467
392.69575,50,227.411524
371.177,50,227.7614
466.536813,50,228.159758
439.35275,50,228.547471
425.7665,50,228.933867
435.153375,50,229.315011
422.064125,50,229.662548
461.83925,50,230.039516
388.56975,50,230.384911
384.49775,50,230.732767
390.15,50,231.077746
404.535,50,231.438799
394.51425,50,231.80252
479.39375,50,232.181852
414.0025,50,232.555991
423.189125,50,232.909658
447.967125,50,233.257595
413.66975,50,233.597096
470.60725,50,233.955015
390.45675,50,234.302909
369.039875,50,234.639553
454.689375,50,235.000313
479.9035,50,235.372819
370.544125,50,235.698902
366.864625,50,236.023175
371.22775,50,236.342425
426.871875,50,236.694872
353.120125,50,237.024368
364.238875,50,237.354409
406.460125,50,237.71686
429.9425,50,238.071679
411.49375,50,238.426128
463.8515,50,238.767554
448.223125,50,239.131196
422.822625,50,239.490886
440.680875,50,241.243998
463.0635,50,241.611067
403.496,50,241.951556
435.67775,50,242.308012
447.8155,50,242.678412
389.99,50,243.007609
344.343,50,243.334177
388.63225,50,243.695666
395.7075,50,244.04184
405.81825,50,244.409001
394.242375,50,244.78796
373.94375,50,245.131439
385.52575,50,245.478501
470.226,50,245.850417
468.71025,50,246.216505
428.163125,50,246.575591
365.9915,50,246.915089
447.04375,50,247.263154
434.794625,50,247.612587
371.644,50,247.957953
415.10725,50,248.295353
425.2135,50,248.639108
536.899875,50,249.035124
459.247,50,249.416977
471.758875,50,249.799769
475.938875,50,250.182839
390.369,50,250.521055
434.008375,50,250.886474
400.9825,50,251.251378
370.719375,50,251.602684
391.352563,50,251.953498
419.007375,50,252.313196
475.916375,50,252.693903
448.677125,50,253.06841
437.323,50,253.432137
422.1245,50,253.807916
409.453375,50,254.15484
458.872,50,254.516201
423.447875,50,254.872853
442.6785,50,255.244708
430.357375,50,255.60745
391.88725,50,255.954602
407.163625,50,256.289132
423.023375,50,256.624675
481.14625,50,256.990031
389.767,50,257.327369
490.804,50,257.692723
363.517375,50,258.014287
427.58775,50,258.372046
345.389625,50,258.69716
414.3215,50,259.042935
387.106,50,259.370774
371.168875,50,259.716238
383.396313,50,260.085956
453.5005,50,260.490456
390.32925,50,260.867163
407.589125,50,261.224306
487.819,50,261.613181
363.029875,50,261.963252
568.105625,50,262.383777
439.3855,50,262.727845
371.03175,50,263.068996
393.386,50,263.414161
407.969125,50,265.809139
391.07125,50,266.172422
385.0725,50,266.512696
486.677375,50,266.891814
467.374875,50,267.263694
502.079375,50,267.650938
372.751,50,267.994595
428.879375,50,268.357863
404.88375,50,268.740205
558.4465,50,269.157647
374.523875,50,269.490421
487.07525,50,269.867863
409.43825,50,270.211902
428.772,50,270.556419
389.7635,50,270.890611
384.550625,50,271.228218
420.474875,50,271.571495
455.784125,50,271.9313
371.44075,50,272.261338
408.402875,50,272.601996
363.128875,50,272.930072
368.11575,50,273.268346
442.003375,50,273.626858
424.720875,50,273.997752
433.133625,50,274.367223
448.589875,50,274.734359
357.988875,50,275.073425
426.421625,50,275.445857
426.193625,50,275.806491
416.9895,50,276.176788
410.047625,50,276.542069
433.5465,50,276.911518
396.94275,50,277.255258
526.719,50,277.63277
471.381563,50,278.016293
460.0535,50,278.399907
347.510938,50,278.737456
373.258625,50,279.077716
368.81375,50,279.43895
449.011625,50,279.79384
485.983375,50,280.16165
466.62825,50,280.520441
406.626375,50,280.86629
443.4605,50,281.228844
387.885125,50,281.577439
423.67625,50,281.942759
488.40025,50,282.323786
480.38925,50,282.698635
471.745875,50,283.063121
526.617875,50,283.421247
426.958625,50,283.760888
335.463,50,284.091169
327.491813,50,284.433133
493.25575,50,284.812753
547.752375,50,285.206117
477.5835,50,285.590115
387.498375,50,285.934182
368.82,50,286.285043
385.584875,50,286.6255
482.9615,50,287.00704
393.2695,50,287.360851
428.610625,50,287.718875
401.786125,50,288.065819
407.635875,50,289.826555
420.056625,50,290.177234
403.027625,50,290.535649
416.20225,50,290.885368
454.2195,50,291.239364
397.1515,50,291.594611
419.17275,50,291.942004
415.994125,50,292.306452
443.75775,50,292.679833
409.023875,50,293.022144
567.581,50,293.408992
543.1855,50,293.793954
405.988125,50,294.127374
446.8245,50,294.489973
442.428125,50,294.84962
393.10775,50,295.186682
474.3565,50,295.540466
390.58175,50,295.863973
479.740375,50,296.237305
390.609625,50,296.564588
468.886625,50,296.954481
457.902375,50,297.32745
369.52325,50,297.66618
463.087,50,298.041178
407.554375,50,298.397292
419.974875,50,298.756411
390.1685,50,299.100495
391.223625,50,299.463835
387.5095,50,299.861798
501.875375,50,300.2831
369.483375,50,300.662813
386.692875,50,301.043842
461.55075,50,301.44049
401.13575,50,301.821822
469.74475,50,302.203163
391.3895,50,302.55873
414.235625,50,302.937851
410.880438,50,303.338801
411.034125,50,303.7133
410.7495,50,304.080927
442.64725,50,304.429877
389.860625,50,304.766272
347.41975,50,305.100347
372.171125,50,305.41745
359.56425,50,305.742064
536.290625,50,306.126796
372.311125,50,306.460924
390.643125,50,306.781662
429.3685,50,307.117991
483.71425,50,307.487286
445.351625,50,307.843564
427.387375,50,308.204166
453.930875,50,308.582448
483.274875,50,308.962259
446.860375,50,309.331753
472.876875,50,309.701895
354.724375,50,310.03681
389.830125,50,310.3864
408.670625,50,310.743165
418.003,50,311.09375
485.90325,50,311.478487
471.094125,50,311.848134
508.68525,50,312.207652
410.817625,50,313.976774
446.168125,50,314.325867
445.104875,50,314.69029
409.920125,50,315.049966
473.833125,50,315.419273
463.273125,50,315.798342
463.3355,50,316.164117
382.121375,50,316.508788
449.2485,50,316.866645
404.018625,50,317.212301
399.607875,50,317.551284
425.829125,50,317.910399
447.782625,50,318.27617
348.356375,50,318.614744
512.94625,50,318.997535
414.269375,50,319.352566
439.62425,50,319.696187
464.50825,50,320.059674
422.806125,50,320.401748
381.272875,50,320.738268
428.0545,50,321.100794
455.87,50,321.486603
352.18975,50,321.831537
388.69925,50,322.174706
374.095375,50,322.522798
368.739875,50,322.869272
519.852125,50,323.259602
325.89525,50,323.591008
380.992875,50,323.946941
406.6175,50,324.305796
385.930063,50,324.656171
428.149875,50,325.034426
418.099375,50,325.407747
440.48725,50,325.781507
423.1415,50,326.136035
434.015875,50,326.521171
447.468125,50,326.882776
365.0555,50,327.224544
391.897,50,327.570439
448.892625,50,327.909371
470.425875,50,328.25663
370.5225,50,328.571263
430.98875,50,328.91765
471.312125,50,329.276013
403.173875,50,329.620951
444.395125,50,329.966634
452.02375,50,330.315994
503.640625,50,330.682955
472.091,50,331.034043
441.485375,50,331.375748
521.578125,50,331.768629
449.522875,50,332.148223
414.42,50,332.502785
436.124875,50,332.867603
396.741,50,333.220128
383.07525,50,333.571316
485.126625,50,333.942564
397.801875,50,334.298761
405.168125,50,334.647815
453.429875,50,335.031081
419.173375,50,335.391107
378.819,50,335.746629
338.76175,50,336.088128
374.89175,50,338.367178
379.34075,50,338.735325
429.8545,50,339.103117
335.65875,50,339.460022
443.99475,50,339.857313
427.721125,50,340.243833
420.899875,50,340.631901
426.12625,50,340.984395
439.736375,50,341.321999
466.783375,50,341.688946
386.153125,50,342.012989
439.23875,50,342.379316
474.653,50,342.757879
420.128875,50,343.11709
473.22175,50,343.500665
566.955375,50,343.885643
422.642375,50,344.227095
450.604125,50,344.561794
445.59825,50,344.937379
427.277375,50,345.290404
385.646625,50,345.638043
467.28575,50,346.018068
519.839,50,346.414953
464.613375,50,346.787401
369.34275,50,347.134624
422.096625,50,347.489737
387.5185,50,347.844647
508.4715,50,348.228686
367.015875,50,348.569646
447.9455,50,348.954523
422.65525,50,349.308421
405.8995,50,349.669515
508.276625,50,350.05118
466.954,50,350.433727
434.843375,50,350.801651
352.746,50,351.13658
392.033125,50,351.492277
425.871,50,351.864079
409.046625,50,352.201723
430.02225,50,352.540513
326.279375,50,352.885875
420.31525,50,353.232261
429.11925,50,353.613712
429.957875,50,353.955039
346.984,50,354.293628
445.730625,50,354.645537
375.0885,50,354.981858
435.5885,50,355.341165
451.3465,50,355.716196
425.4145,50,356.105594
406.70975,50,356.469856
409.66475,50,356.823917
465.533063,50,357.190541
399.818625,50,357.535261
402.4655,50,357.887261
432.25425,50,358.249469
390.387625,50,358.589384
492.44525,50,358.972318
426.629375,50,359.338123
476.52475,50,359.704226
441.96075,50,360.078786
450.222,50,360.448642
465.02225,50,360.826696
426.75025,50,362.597529
410.186625,50,362.943834
479.29275,50,363.322123
427.46675,50,363.691537
386.36925,50,364.043175
425.316813,50,364.404699
409.070375,50,364.74237
388.36,50,365.076975
446.52975,50,365.435237
398.2275,50,365.775848
435.801375,50,366.120898
426.539625,50,366.465541
387.10025,50,366.791122
461.517375,50,367.140828
457.486625,50,367.496024
417.5395,50,367.846855
415.642625,50,368.183153
445.98275,50,368.545903
439.81125,50,368.912927
428.352125,50,369.272573
425.419313,50,369.631875
414.977,50,369.983808
391.800875,50,370.341976
411.91875,50,370.688111
477.505875,50,371.056309
360.722,50,371.388859
442.7135,50,371.745456
465.7455,50,372.109617
425.59125,50,372.478544
421.205,50,372.841481
378.895125,50,373.188419
427.524,50,373.580383
524.579125,50,373.999719
465.26,50,374.407767
390.787625,50,374.768698
450.599375,50,375.13936
388.942125,50,375.485653
380.6795,50,375.822333
382.388625,50,376.172516
468.227,50,376.5364
389.42375,50,376.889233
383.824875,50,377.224389
463.159125,50,377.575446
402.83625,50,377.910472
473.824875,50,378.279019
367.762125,50,378.613631
405.345875,50,378.951714
372.56775,50,379.269255
428.44025,50,379.634306
503.045875,50,380.032958
471.51,50,380.406281
440.783,50,380.762509
452.663125,50,381.129069
516.337438,50,381.527916
456.41625,50,381.887325
391.930625,50,382.241478
441.11875,50,382.586604
384.2455,50,382.933714
418.673,50,383.304338
453.30375,50,383.660695
541.593625,50,384.051334
394.55625,50,384.401212
474.750625,50,384.783342
393.77075,50,387.093829
390.155375,50,387.452935
520.15575,50,387.829858
519.29425,50,388.212134
504.919125,50,388.589704
406.208375,50,388.927418
499.9545,50,389.300683
349.355875,50,389.618164
388.53825,50,389.956383
352.71125,50,390.279877
440.96875,50,390.632486
485.992375,50,391.004439
369.89475,50,391.320762
409.382,50,391.669368
407.49175,50,392.018155
413.070125,50,392.363753
400.43525,50,392.732951
480.845625,50,393.115695
411.643875,50,393.471596
445.591375,50,393.825285
468.284625,50,394.184625
427.3795,50,394.552107
432.084,50,394.914582
410.177375,50,395.286755
420.90625,50,395.649753
431.853125,50,396.033685
443.93825,50,396.410603
431.98875,50,396.78415
420.447875,50,397.122758
428.834875,50,397.48583
423.626875,50,397.842935
375.976375,50,398.194428
487.573438,50,398.567053
391.679,50,398.927154
548.993,50,399.328252
453.38,50,399.703338
424.889875,50,400.058983
532.35425,50,400.434132
459.11875,50,400.786045
505.8815,50,401.167922
397.244,50,401.504881
406.260625,50,401.834284
457.320875,50,402.192188
423.754875,50,402.548551
428.103,50,402.889148
443.010875,50,403.255492
466.27575,50,403.608942
350.698125,50,403.941989
449.857625,50,404.300086
404.561,50,404.65777
400.415375,50,405.028487
432.3645,50,405.389245
576.20025,50,405.786879
421.4305,50,406.160203
427.40875,50,406.524453
410.141063,50,406.876311
492.48525,50,407.257615
450.14775,50,407.621015
368.1135,50,407.968965
391.62175,50,408.323163
459.49475,50,408.698498
453.933375,50,409.074955
428.15925,50,409.436313
469.2785,50,412.645164
486.79925,50,413.024983
405.466375,50,413.37852
400.382625,50,413.730428
391.61425,50,414.058867
370.907125,50,414.378175
481.004375,50,414.75343
390.934875,50,415.09287
406.72625,50,415.428815
508.29925,50,415.809084
366.3565,50,416.132898
380.329125,50,416.483311
435.119125,50,416.837859
413.415813,50,417.190627
429.806,50,417.538635
447.7105,50,417.913482
473.42325,50,418.277636
429.423875,50,418.633183
442.2775,50,419.009302
405.566,50,419.372843
393.336375,50,419.727973
500.31825,50,420.123255
370.602,50,420.461524
399.68725,50,420.814036
484.608,50,421.195125
438.48125,50,421.561695
560.8195,50,421.95048
479.7345,50,422.328763
446.817125,50,422.708036
424.647,50,423.070153
407.2515,50,423.425441
449.535125,50,423.78625
481.21325,50,424.159108
419.034875,50,424.523602
466.482125,50,424.899665
431.6595,50,425.254011
450.232625,50,425.606117
365.461625,50,425.948822
454.862125,50,426.33119
366.053375,50,426.66818
366.900188,50,427.018734
430.446,50,427.365627
445.112125,50,427.712599
414.186375,50,428.051513
389.83,50,428.407406
421.4535,50,428.767728
467.936875,50,429.167998
468.69725,50,429.57978
479.122375,50,429.965399
403.40675,50,430.325036
443.327625,50,430.699968
483.40225,50,431.082549
392.80125,50,431.438405
338.78525,50,431.781023
480.356563,50,432.157134
462.712625,50,432.534703
407.03275,50,432.884441
471.258625,50,433.246065
441.982125,50,433.619628
516.58475,50,434.010319
409.454875,50,434.369423
459.255125,50,434.742402
442.1555,50,435.122254
451.51325,50,436.915376
382.008125,50,437.262676
399.622875,50,437.616225
387.831563,50,437.966767
445.965125,50,438.308878
464.861875,50,438.657751
408.921,50,438.998296
387.468,50,439.333293
450.087125,50,439.677372
386.557375,50,440.012035
386.457375,50,440.339683
469.57675,50,440.693149
403.136625,50,441.036607
426.3185,50,441.395114
504.825,50,441.77137
457.563,50,442.147432
463.18925,50,442.502423
459.60675,50,442.882297
497.340125,50,443.260625
525.499125,50,443.658219
459.587625,50,444.02181
422.71025,50,444.377657
479.79725,50,444.748872
414.493125,50,445.106386
451.974875,50,445.504294
385.24875,50,445.873086
523.527875,50,446.278094
444.83575,50,446.645962
450.451875,50,447.012993
362.741625,50,447.35699
482.987625,50,447.754411
392.4915,50,448.116376
406.76475,50,448.494267
430.256875,50,448.871509
413.5935,50,449.219879
434.6845,50,449.569671
382.2995,50,449.903327
386.8875,50,450.243845
332.910375,50,450.554914
491.377625,50,450.922147
397.752125,50,451.266798
382.755125,50,451.601049
478.3045,50,451.954123
410.9625,50,452.300874
443.726375,50,452.655037
397.900875,50,453.001014
391.337875,50,453.347324
459.092875,50,453.708506
409.708125,50,454.061083
402.61,50,454.416452
411.384875,50,454.769426
481.29825,50,455.153024
438.79125,50,455.519653
563.028875,50,455.91643
442.4605,50,456.278696
442.302125,50,456.63009
428.0055,50,456.979853
452.7555,50,457.33921
442.552875,50,457.709832
390.552125,50,458.045696
424.20825,50,458.38786
391.5925,50,458.733407
475.930875,50,459.105246
453.599125,50,460.823879
368.985625,50,461.1586
490.73625,50,461.532892
412.854625,50,461.869052
433.587375,50,462.216667
448.066875,50,462.574556
446.1465,50,462.928113
374.612813,50,463.262998
392.823,50,463.59682
466.0285,50,463.951378
441.78225,50,464.303401
418.263125,50,464.647129
388.122625,50,464.992477
410.122375,50,465.376405
506.049,50,465.816552
367.1055,50,466.210763
383.39525,50,466.60996
400.900875,50,467.009831
430.667125,50,467.386092
551.365875,50,467.783631
406.443375,50,468.127192
405.169375,50,468.473873
421.280625,50,468.823542
361.264,50,469.168931
466.69225,50,469.5253
400.1085,50,469.876895
399.952375,50,470.23215
464.948,50,470.607159
365.333375,50,470.964103
472.825125,50,471.326597
447.803375,50,471.706839
487.920875,50,472.080561
442.750875,50,472.438882
494.15525,50,472.800107
406.453625,50,473.141639
432.519063,50,473.503155
505.52375,50,473.887399
549.89775,50,474.257119
419.62625,50,474.607173
519.228875,50,474.981084
514.8225,50,475.35994
401.974625,50,475.702369
431.728625,50,476.057501
426.715125,50,476.410678
427.875,50,476.773313
388.65575,50,477.107933
430.542625,50,477.465727
567.27625,50,477.864028
419.709,50,478.214932
446.057875,50,478.574611
429.51525,50,478.966453
420.085375,50,479.342894
346.514625,50,479.703226
422.712125,50,480.084151
403.676375,50,480.435563
426.01225,50,480.785632
450.135625,50,481.134314
407.317375,50,481.481426
416.343125,50,481.836697
443.02925,50,482.196897
484.153125,50,482.575262
378.422375,50,482.91752
443.20925,50,483.283493
379.63,50,485.232325
377.975938,50,485.569704
456.4605,50,485.928446
508.758125,50,486.29401
427.931375,50,486.641028
442.60575,50,486.992351
369.863,50,487.320065
432.2585,50,487.658434
388.242125,50,487.986726
509.134625,50,488.362458
503.77275,50,488.731407
543.5965,50,489.113832
459.074625,50,489.495101
383.700125,50,489.836142
449.227875,50,490.202057
412.8145,50,490.55491
486.53075,50,490.929831
462.765875,50,491.294271
452.042875,50,491.648626
394.48125,50,491.994076
401.37725,50,492.332837
411.967,50,492.69573
429.684625,50,493.039678
415.673438,50,493.410478
438.087625,50,493.782032
495.61325,50,494.164789
452.098875,50,494.524068
446.23675,50,494.887896
491.404875,50,495.260076
385.641938,50,495.603312
476.415125,50,495.980117
485.148125,50,496.35663
378.6145,50,496.68403
444.96575,50,497.030098
409.214125,50,497.369075
438.107,50,497.716882
428.613875,50,498.065675
464.053375,50,498.429413
447.67975,50,498.780877
382.4735,50,499.123625
457.179375,50,499.488293
373.24875,50,499.833862
487.726625,50,500.187415
457.74875,50,500.551364
406.214625,50,500.896679
439.412375,50,501.250339
482.446,50,501.642845
434.491625,50,502.005693
382.746125,50,502.371851
390.922625,50,502.729298
449.7655,50,503.127985
444.269375,50,503.514524
423.448625,50,503.882108
397.6015,50,504.230592
464.025313,50,504.60346
434.8115,50,504.963121
412.6025,50,505.325644
377.02075,50,505.676509
429.2705,50,506.037089
487.514125,50,506.443912
397.927875,50,506.81506
438.47225,50,507.208639
475.778,50,507.602596
441.723,50,507.955169
467.546125,50,508.307966
411.20225,50,508.647202
460.701,50,509.006567
426.51075,50,509.34953
424.973625,50,509.698516
393.931875,50,510.031574
478.395375,50,510.397533
419.122125,50,510.728225
443.57125,50,511.072256
492.419125,50,511.445264
433.65475,50,513.219377
420.323875,50,513.593666
462.621375,50,513.981333
446.254875,50,514.378059
384.4965,50,514.712852
440.959625,50,515.079598
390.522375,50,515.43025
388.902125,50,515.780851
465.13825,50,516.161674
486.65025,50,516.528921
363.455125,50,516.875013
461.371875,50,517.246639
422.351625,50,517.609805
443.49525,50,517.986077
432.093375,50,518.351651
404.602,50,518.703751
445.957,50,519.051293
418.409875,50,519.403116
464.11425,50,519.773159
332.067563,50,520.111989
391.067625,50,520.445116
426.073375,50,520.803073
433.30325,50,521.157774
433.025875,50,521.512156
474.97925,50,521.890402
380.798,50,522.250828
443.1505,50,522.614519
442.93725,50,522.971535
443.97025,50,523.327698
446.819625,50,523.692943
461.075625,50,524.04805
489.182875,50,524.423849
422.97925,50,524.776334
383.012,50,525.116738
444.587375,50,525.474462
474.01225,50,525.848325
416.664875,50,526.203533
434.27275,50,526.563717
452.30575,50,526.921908
417.855,50,527.282597
449.00275,50,527.651069
476.308625,50,528.026999
390.039375,50,528.366211
485.1455,50,528.752535
457.267,50,529.144094
408.526625,50,529.486889
441.215375,50,529.862034
399.64425,50,530.22054
441.52575,50,530.584703
525.993,50,530.969758
501.883625,50,531.352284
434.213125,50,531.702061
379.198563,50,532.045659
345.796,50,532.364302
473.161125,50,532.720643
444.128375,50,533.080835
423.57275,50,533.429544
407.708875,50,533.765576
450.12225,50,534.111794
451.104875,50,534.462306
499.420125,50,534.818433
460.4585,50,535.178041
422.394625,50,535.532627
447.001375,50,537.340615
397.43025,50,537.692497
425.552125,50,538.055284
483.494125,50,538.420578
400.45325,50,538.776413
407.923,50,539.132028
507.550625,50,539.551362
508.471125,50,539.944208
384.20025,50,540.306437
407.778625,50,540.660178
365.03875,50,540.996612
465.797125,50,541.362763
470.127125,50,541.736073
459.289,50,542.108077
504.283875,50,542.478964
383.563625,50,542.826391
422.067625,50,543.184912
395.694875,50,543.526008
462.787875,50,543.895717
485.562625,50,544.254783
318.793375,50,544.578707
463.9045,50,544.936851
407.410125,50,545.278452
402.136375,50,545.62345
381.270125,50,545.961014
437.127375,50,546.315631
468.14525,50,546.695988
398.700938,50,547.051234
485.39425,50,547.431331
445.89825,50,547.791674
437.881125,50,548.195637
467.774625,50,548.580302
446.00175,50,548.936285
429.385125,50,549.292899
483.018875,50,549.669336
378.87125,50,550.018403
499.8235,50,550.405258
397.795938,50,550.751068
433.285125,50,551.114108
414.169875,50,551.468291
383.92525,50,551.805486
391.04775,50,552.153503
459.79225,50,552.528733
458.089875,50,552.893708
409.198375,50,553.260003
460.8125,50,553.640797
392.546625,50,553.982372
388.42275,50,554.324813
447.071625,50,554.68784
424.45575,50,555.0453
559.369375,50,555.442649
416.253125,50,555.776169
389.5425,50,556.106547
455.28475,50,556.481125
489.6605,50,556.844404
405.03775,50,557.18272
434.191875,50,557.524215
411.67325,50,557.868261
399.2545,50,558.210529
420.615875,50,558.577585
518.20725,50,558.969499
463.634875,50,559.352573
422.389375,50,559.704927
426.922,50,561.394235
423.566375,50,561.754199
461.82625,50,562.12595
462.889625,50,562.486182
483.449,50,562.858758
407.8335,50,563.220192
457.623125,50,563.590497
444.745125,50,563.954918
439.85525,50,564.310357
423.7715,50,564.658993
401.28425,50,565.023451
436.553125,50,565.397228
427.86475,50,565.753646
461.317125,50,566.123885
407.644125,50,566.480389
443.609375,50,566.84954
424.197875,50,567.209062
390.133625,50,567.556808
447.105625,50,567.905573
445.101125,50,568.255626
472.997125,50,568.615103
447.20525,50,568.971653
467.33825,50,569.326034
458.630125,50,569.677848
383.8545,50,570.013862
430.101,50,570.357331
347.97575,50,570.681225
425.8015,50,571.031688
391.961375,50,571.366609
420.22725,50,571.737213
403.8895,50,572.086095
395.60775,50,572.433242
384.107875,50,572.785005
371.5045,50,573.139569
502.6595,50,573.531705
542.399125,50,573.936949
398.715375,50,574.269532
472.360375,50,574.646001
468.97975,50,575.037066
391.0495,50,575.396362
410.575625,50,575.749504
407.302625,50,576.099203
436.920875,50,576.491341
344.330125,50,576.848898
414.5085,50,577.225594
347.486875,50,577.590925
443.257875,50,577.958503
454.420375,50,578.328202
458.378625,50,578.697438
444.0875,50,579.053448
460.49125,50,579.429282
477.102125,50,579.787304
446.989125,50,580.138922
363.104125,50,580.4626
389.036125,50,580.798059
486.35325,50,581.183804
425.959875,50,581.541075
434.559563,50,581.898613
400.539875,50,582.237993
464.52,50,582.601348
473.741875,50,582.97171
440.604,50,583.341477
444.7905,50,583.707794
437.265688,50,585.485862
487.183,50,585.857682
446.063,50,586.253655
495.757,50,586.66841
429.892875,50,587.062602
475.956,50,587.439725
446.089,50,587.793375
500.561375,50,588.183315
418.285,50,588.531093
442.0395,50,588.893067
442.921,50,589.262012
399.7535,50,589.607805
424.361875,50,589.955474
407.84475,50,590.30473
400.7045,50,590.662413
438.988625,50,591.033816
391.595875,50,591.377078
523.033,50,591.747808
482.037875,50,592.10961
409.880625,50,592.447412
401.8785,50,592.783843
409.287375,50,593.126607
405.0415,50,593.456057
324.121563,50,593.780548
450.418625,50,594.141637
462.548875,50,594.490715
444.765875,50,594.843743
392.001,50,595.172755
465.205,50,595.53872
428.116625,50,595.903591
427.34075,50,596.260976
404.5265,50,596.605445
583.53,50,597.01462
501.462375,50,597.389615
424.140875,50,597.751576
422.791875,50,598.10744
522.062625,50,598.490515
511.203625,50,598.875448
416.837813,50,599.247826
364.2205,50,599.584579
448.971125,50,599.953403
539.44325,50,600.347267
503.379875,50,600.727738
387.133625,50,601.102163
408.1155,50,601.469889
437.175625,50,601.851379
444.050938,50,602.226373
465.053,50,602.600986
522.80825,50,602.991684
535.584125,50,603.375722
427.11175,50,603.715477
490.6265,50,604.078339
385.307625,50,604.40767
469.67425,50,604.770151
369.125625,50,605.083094
441.964875,50,605.421686
382.79775,50,605.750741
571.845375,50,606.1475
437.914,50,606.484398
438.231625,50,606.85727
430.706,50,607.214897
416.14325,50,607.566243
441.994125,50,607.92884
486.89475,50,609.730379
417.055,50,610.089905
560.1675,50,610.488185
487.018125,50,610.871064
502.301125,50,611.248057
511.591375,50,611.625834
490.841625,50,612.002297
364.531375,50,612.333268
444.26825,50,612.694493
422.777375,50,613.059695
425.512625,50,613.438201
471.357375,50,613.822683
383.766125,50,614.183964
462.894625,50,614.625474
453.06475,50,615.016952
394.8245,50,615.387142
457.048625,50,615.758132
506.367,50,616.115546
433.41675,50,616.461443
387.881,50,616.788928
447.221375,50,617.132276
451.536375,50,617.484897
402.040875,50,617.825056
370.522,50,618.151955
348.61175,50,618.473022
485.624,50,618.827392
409.00575,50,619.159663
491.49775,50,619.548171
402.791,50,619.902342
482.457375,50,620.29036
445.884125,50,620.643521
405.04425,50,621.001217
426.668,50,621.358656
400.642063,50,621.697325
438.06375,50,622.063989
374.425625,50,622.403095
429.435625,50,622.743673
460.781625,50,623.113116
404.16875,50,623.478585
396.38975,50,623.824165
446.9795,50,624.18575
461.434125,50,624.56072
416.4525,50,624.936102
448.307625,50,625.330889
409.84825,50,625.721394
511.10775,50,626.133225
406.444625,50,626.482199
415.533375,50,626.822878
430.48125,50,627.167144
421.945875,50,627.50316
390.794,50,627.851245
435.976875,50,628.193801
470.829125,50,628.558481
394.187375,50,628.893936
448.959,50,629.2603
404.347125,50,629.606764
391.44225,50,629.934765
396.946625,50,630.275434
401.910438,50,630.64132
448.807,50,631.001561
437.655625,50,631.370404
391.879375,50,631.700703
366.542625,50,633.452591
403.337,50,633.800975
408.599125,50,634.144302
409.453875,50,634.490661
429.9535,50,634.849631
443.09425,50,635.203857
464.5065,50,635.558729
394.099,50,635.898607
476.006875,50,636.27597
466.15975,50,636.645089
387.665375,50,636.988649
369.256875,50,637.323405
538.765625,50,637.720361
414.65925,50,638.111841
373.95775,50,638.471157
466.613875,50,638.864706
418.323,50,639.21664
449.70525,50,639.56086
461.589625,50,639.913495
545.882375,50,640.286522
430.745,50,640.617321
404.7005,50,640.951633
455.238125,50,641.308777
384.053625,50,641.636606
342.203313,50,641.963306
524.75825,50,642.346024
426.818375,50,642.687478
442.791,50,643.060757
442.9175,50,643.424945
390.948125,50,643.772617
431.43475,50,644.13361
343.245563,50,644.484107
384.716125,50,644.83516
412.25975,50,645.191966
410.10925,50,645.542165
439.553375,50,645.921239
437.586,50,646.287901
484.7555,50,646.653263
598.980625,50,647.056684
462.956375,50,647.410973
520.11425,50,647.798548
381.482875,50,648.170933
453.966,50,648.567566
476.34075,50,648.976069
481.02975,50,649.373332
441.15275,50,649.724799
410.934,50,650.103555
424.589625,50,650.466774
440.46275,50,650.819671
396.85325,50,651.165874
405.181125,50,651.496525
532.241125,50,651.873671
527.394875,50,652.249441
419.38175,50,652.58619
464.138875,50,652.938922
423.154875,50,653.278107
430.492375,50,653.629339
467.940875,50,653.97453
379.542438,50,654.31784
466.8925,50,654.676971
428.290875,50,655.028987
444.3865,50,655.402187
417.62625,50,655.748432
360.188375,50,657.449159
430.152875,50,657.806145
426.084875,50,658.156421
434.229125,50,658.511558
469.384875,50,658.872961
451.380063,50,659.244106
455.89525,50,659.618147
401.737125,50,659.973094
431.003875,50,660.336437
445.09325,50,660.701757
429.312125,50,661.049897
424.15075,50,661.405109
561.5775,50,661.807533
482.354875,50,662.183454
346.772375,50,662.530299
465.072625,50,662.893915
433.204,50,663.244687
387.485875,50,663.566359
403.87425,50,663.896076
409.4195,50,664.240607
406.551375,50,664.593874
382.14725,50,664.935044
448.328,50,665.288378
444.66625,50,665.650435
409.114375,50,665.989826
401.506,50,666.32961
463.683125,50,666.705883
423.23025,50,667.069761
386.159875,50,667.429834
416.098125,50,667.787028
356.319125,50,668.136202
411.36925,50,668.501376
377.343813,50,668.834219
468.062125,50,669.204011
407.420875,50,669.555311
474.582875,50,669.937989
451.6705,50,670.305286
453.0705,50,670.666587
488.85625,50,671.057721
382.17575,50,671.40581
379.362125,50,671.753191
461.13575,50,672.116321
378.84,50,672.455894
406.622625,50,672.812576
429.381625,50,673.16465
472.628875,50,673.537153
521.121625,50,673.916656
462.857875,50,674.277166
419.39725,50,674.616563
431.896625,50,674.974211
405.766625,50,675.335172
392.837125,50,675.67898
400.169625,50,676.021779
449.58775,50,676.36419
411.26475,50,676.696894
398.988625,50,677.034767
424.1965,50,677.373739
468.76725,50,677.754876
374.497875,50,678.090253
530.566125,50,678.485023
376.70575,50,678.833867
444.2205,50,679.182551
497.660625,50,679.57063
483.243125,50,681.390963
469.14625,50,681.792694
423.8725,50,682.170357
438.036625,50,682.573064
473.14425,50,682.957694
432.71,50,683.302475
451.58075,50,683.668052
463.39975,50,684.02455
473.056875,50,684.396333
425.5825,50,684.743834
452.2855,50,685.120212
411.936625,50,685.457376
375.169688,50,685.786032
412.82225,50,686.134338
385.422625,50,686.485704
407.461625,50,686.838105
520.1145,50,687.221363
323.29975,50,687.547552
413.535625,50,687.90037
368.70275,50,688.223907
413.308375,50,688.561307
424.76075,50,688.902802
367.1485,50,689.219343
428.047375,50,689.561548
421.663375,50,689.898877
486.641063,50,690.292236
391.847625,50,690.637177
406.120625,50,690.986358
414.228,50,691.335248
467.6785,50,691.708582
382.97425,50,692.047784
354.485375,50,692.38059
381.828375,50,692.716782
366.565,50,693.074635
446.6055,50,693.441594
397.283625,50,693.805647
432.076625,50,694.164143
455.36375,50,694.536828
408.963375,50,694.883712
389.842125,50,695.250341
508.72575,50,695.62825
484.88375,50,696.020713
495.93025,50,696.387293
412.618125,50,696.736395
388.565625,50,697.093152
420.944625,50,697.443129
422.18425,50,697.785835
463.7245,50,698.155238
422.933375,50,698.489261
381.926125,50,698.831059
452.139,50,699.187489
406.08725,50,699.532008
390.665125,50,699.863046
465.4285,50,700.220095
499.6445,50,700.585361
487.695875,50,700.941535
363.4145,50,701.288865
393.42175,50,701.635169
445.651625,50,701.994874
420.963375,50,702.357855
478.553313,50,702.735778
439.75,50,703.106714
417.13525,50,703.451714
454.971,50,705.852542
419.18775,50,706.205827
406.468375,50,706.562639
414.866438,50,706.920062
401.120875,50,707.261195
402.948375,50,707.594372
481.85175,50,707.977738
411.7675,50,708.332899
442.022,50,708.710723
403.361125,50,709.053316
517.676625,50,709.453146
396.817625,50,709.803766
291.086125,50,710.156275
369.0205,50,710.480797
436.8565,50,710.829593
524.36975,50,711.220415
441.05925,50,711.569984
430.2925,50,711.922536
378.92625,50,712.268443
454.442875,50,712.626835
473.04975,50,712.993876
415.1495,50,713.347377
435.4195,50,713.697136
430.167125,50,714.043471
363.62525,50,714.383614
402.36575,50,714.72577
347.46625,50,715.061308
391.729313,50,715.414532
440.095,50,715.811354
511.690875,50,716.219166
503.57625,50,716.619413
444.4605,50,716.981606
358.6175,50,717.321541
430.987875,50,717.674823
391.142125,50,718.025182
378.0235,50,718.373947
383.8715,50,718.715378
462.947875,50,719.091596
394.3055,50,719.467195
406.008875,50,719.819576
465.928875,50,720.188993
382.86275,50,720.534958
402.4985,50,720.899392
469.708125,50,721.268255
424.71225,50,721.617927
439.671125,50,721.963431
569.716625,50,722.350584
439.2095,50,722.701795
386.6465,50,723.03959
465.05875,50,723.412018
391.2415,50,723.739721
424.110375,50,724.09688
371.62875,50,724.428049
526.663,50,724.822291
477.245375,50,725.194827
427.210625,50,725.557343
403.75525,50,725.906035
445.508875,50,726.256754
461.211125,50,726.625167
433.44325,50,726.974434
439.517375,50,727.348685
400.124625,50,727.688455
397.35375,50,728.040803
428.597625,50,729.778826
426.918125,50,730.131637
400.353563,50,730.478718
477.212625,50,730.845565
427.824125,50,731.207415
451.23325,50,731.566431
375.922,50,731.914812
501.40225,50,732.287099
470.137625,50,732.675186
420.87875,50,733.034379
412.251625,50,733.382711
474.384875,50,733.753064
409.991125,50,734.086885
412.172375,50,734.427116
413.327875,50,734.762461
415.20775,50,735.103928
427.3735,50,735.447762
395.8545,50,735.774927
408.20125,50,736.100821
402.562375,50,736.445107
428.115875,50,736.798081
372.25925,50,737.140345
353.96775,50,737.461497
484.721,50,737.831355
439.23625,50,738.204699
408.3775,50,738.556778
461.358,50,738.930432
389.675875,50,739.264453
602.99,50,739.682531
347.341375,50,740.031252
440.826625,50,740.399279
433.38425,50,740.755883
508.974125,50,741.13284
408.506125,50,741.476417
408.4525,50,741.840552
436.26325,50,742.209066
388.185875,50,742.538623
440.009813,50,742.903958
572.011875,50,743.307545
459.650375,50,743.663592
405.19925,50,744.023874
368.831375,50,744.37533
426.03875,50,744.761276
473.054375,50,745.135673
491.201875,50,745.51272
464.915625,50,745.882283
442.22375,50,746.224553
409.060875,50,746.57025
505.039125,50,746.928364
438.127375,50,747.264807
426.188875,50,747.613103
475.391625,50,747.965881
413.218,50,748.311335
430.19025,50,748.665575
454.41075,50,749.05694
414.137125,50,749.465595
418.20125,50,749.877528
392.85875,50,750.266199
397.65425,50,750.647228
439.186938,50,751.001749
504.614125,50,751.375371
432.833,50,751.740895
486.619875,50,752.10617
392.577813,50,753.867838
486.734313,50,754.253888
471.49375,50,754.606545
496.495125,50,754.994101
440.48825,50,755.349195
435.0385,50,755.710879
465.063375,50,756.086176
418.075,50,756.437682
465.491375,50,756.813427
390.841125,50,757.15858
581.859313,50,757.557496
399.729875,50,757.893638
408.815375,50,758.263068
444.409,50,758.608545
385.7055,50,758.938193
470.761625,50,759.294304
462.439375,50,759.655011
474.860375,50,760.006769
447.938375,50,760.377819
430.8815,50,760.729828
405.54025,50,761.083197
429.613,50,761.440278
416.2165,50,761.801073
427.232125,50,762.157877
449.17,50,762.522536
401.161625,50,762.860837
470.52,50,763.243456
389.5465,50,763.595305
416.163875,50,763.953602
525.010938,50,764.337831
412.564125,50,764.708093
474.706125,50,765.084082
480.299625,50,765.460513
469.506875,50,765.825996
488.412,50,766.205078
482.78425,50,766.592875
366.239875,50,766.93973
423.86925,50,767.299959
460.090625,50,767.670849
412.112875,50,768.027836
446.03025,50,768.40557
433.648875,50,768.761263
471.190625,50,769.115191
340.146625,50,769.439197
393.60425,50,769.770533
486.222,50,770.128766
441.5015,50,770.485021
403.2165,50,770.817737
505.15125,50,771.184406
363.567188,50,771.513289
413.666125,50,771.852567
443.051625,50,772.205335
408.00625,50,772.538673
609.81575,50,772.945585
441.119625,50,773.312312
478.2785,50,773.68517
430.093625,50,774.037131
470.49375,50,774.41163
506.641,50,774.792395
492.295,50,775.176817
384.5125,50,775.52757
460.117,50,775.900824
496.46675,50,776.280081
526.90375,50,778.05074
368.820125,50,778.401213
406.016625,50,778.743836
440.125813,50,779.096234
417.9815,50,779.456852
470.54075,50,779.813365
432.429875,50,780.168337
424.48225,50,780.53886
392.70125,50,780.875281
330.020375,50,781.223482
416.78775,50,781.564256
514.793375,50,781.942816
441.229375,50,782.303933
477.1165,50,782.663216
358.39,50,783.009213
454.604625,50,783.363862
485.40025,50,783.736865
442.651125,50,784.083293
430.809625,50,784.423283
385.093,50,784.770861
425.954,50,785.136067
451.491,50,785.526047
449.07425,50,785.89278
442.846625,50,786.262388
404.27125,50,786.602255
427.75075,50,786.976
486.8635,50,787.381511
503.51025,50,787.783686
471.04325,50,788.17565
422.597,50,788.524503
424.416625,50,788.879599
459.938,50,789.249746
433.2535,50,789.616153
417.187,50,789.984752
405.75825,50,790.338381
386.51,50,790.677185
439.5325,50,791.043179
465.926875,50,791.417363
458.94525,50,791.768883
366.59275,50,792.113888
379.217,50,792.452048
373.864625,50,792.781626
446.472625,50,793.130121
430.196625,50,793.467031
394.690875,50,793.792892
460.728125,50,794.150702
348.192375,50,794.471272
407.248625,50,794.811403
363.6805,50,795.149151
464.076125,50,795.504214
419.143,50,795.8471
435.264375,50,796.191471
381.404813,50,796.549181
506.4195,50,796.964387
468.138625,50,797.354084
480.333625,50,797.768
431.523875,50,798.144429
464.5855,50,798.523358
383.155625,50,798.866131
433.287875,50,799.217609
449.83775,50,799.573977
371.627125,50,799.918885
440.66525,50,800.281011
407.979125,50,801.995043
477.387,50,802.362928
486.23125,50,802.724522
517.356125,50,803.099804
424.45275,50,803.45742
517.493,50,803.842963
531.863125,50,804.239612
370.451813,50,804.583199
481.739875,50,804.978656
502.326625,50,805.344537
419.943125,50,805.676918
442.7305,50,806.019547
451.995,50,806.367852
408.767625,50,806.704186
476.8325,50,807.056704
474.867125,50,807.408048
460.5915,50,807.763052
500.194625,50,808.130901
368.74,50,808.464123
454.561125,50,808.810718
487.480375,50,809.188421
360.80525,50,809.513241
464.177125,50,809.884613
445.154438,50,810.248129
541.208375,50,810.639872
490.403,50,811.022657
404.750375,50,811.361201
490.259875,50,811.740114
419.91675,50,812.105409
381.547,50,812.462164
470.090375,50,812.843984
431.710125,50,813.210913
431.1875,50,813.567441
369.62125,50,813.92092
384.652375,50,814.263022
416.07025,50,814.617117
370.801875,50,814.960215
490.86725,50,815.328083
501.189125,50,815.704259
366.9805,50,816.046525
404.532875,50,816.390523
363.326375,50,816.728619
412.41675,50,817.083261
367.260875,50,817.427029
416.16425,50,817.776945
443.572125,50,818.118811
397.282625,50,818.452466
450.41975,50,818.809645
410.754125,50,819.142353
430.849375,50,819.484488
462.409,50,819.84191
385.348438,50,820.192478
513.759375,50,820.602703
467.776,50,820.967426
471.831375,50,821.344777
458.1315,50,821.71957
411.760125,50,822.083331
439.719625,50,822.451217
447.578,50,822.819697
440.702375,50,823.182839
581.042375,50,823.583435
461.962125,50,823.958763
386.353875,50,824.345056
410.197,50,827.193064
424.590375,50,827.558283
463.972063,50,827.923714
358.981875,50,828.245672
391.458313,50,828.590757
449.794,50,828.958198
446.100125,50,829.334504
478.947125,50,829.714008
428.227,50,830.061862
451.09975,50,830.410835
405.702125,50,830.747554
375.91,50,831.084635
463.73375,50,831.446376
525.83575,50,831.822681
468.817625,50,832.185992
421.010875,50,832.535162
439.887,50,832.884188
472.615,50,833.235964
364.5435,50,833.569369
427.173125,50,833.943469
414.712625,50,834.324367
528.77,50,834.725227
394.117625,50,835.102274
402.473125,50,835.45299
549.887625,50,835.850568
499.153125,50,836.231587
448.866875,50,836.594824
389.41025,50,836.961803
468.35425,50,837.328117
445.298875,50,837.685861
417.4945,50,838.03399
459.1265,50,838.386417
394.820438,50,838.718894
398.323688,50,839.063212
409.241125,50,839.424075
403.35225,50,839.770584
423.445125,50,840.118498
410.55625,50,840.470907
428.6865,50,840.848165
427.7085,50,841.201623
507.141375,50,841.564012
512.278,50,841.933779
381.998,50,842.250765
444.30375,50,842.598713
394.838625,50,842.931377
400.95025,50,843.265458
561.82425,50,843.642314
382.712875,50,843.97107
458.529,50,844.315836
407.554,50,844.643685
483.726625,50,845.023063
443.603,50,845.37564
411.989438,50,845.753248
424.329875,50,846.120953
440.5425,50,846.478408
399.84175,50,846.825459
410.086188,50,847.175159
389.184375,50,847.521314
468.682125,50,847.893752
405.03725,50,848.262959
439.599375,50,848.63169
425.168625,50,849.000005
373.91475,50,849.340482
517.683,50,851.776173
471.678,50,852.138071
441.73525,50,852.49027
478.4805,50,852.854518
419.59775,50,853.20067
418.908125,50,853.566995
502.29675,50,853.94895
460.06,50,854.288477
410.456875,50,854.61454
498.4645,50,854.969106
414.943875,50,855.297521
493.395375,50,855.662031
425.4135,50,856.002701
464.523375,50,856.361576
436.160625,50,856.713529
442.597,50,857.051832
415.361375,50,857.397695
446.35225,50,857.742857
527.179625,50,858.128908
486.86925,50,858.517954
461.952375,50,858.88568
469.01075,50,859.257356
501.73425,50,859.640147
399.55425,50,859.991572
483.940625,50,860.387846
425.31175,50,860.754967
401.7005,50,861.122232
403.147875,50,861.485728
507.277625,50,861.875219
499.29425,50,862.26337
397.78375,50,862.637258
359.292875,50,863.016391
463.80075,50,863.415903
503.515375,50,863.815137
544.947125,50,864.215979
514.96025,50,864.599028
419.64175,50,864.970807
407.723,50,865.375672
395.06475,50,865.735925
430.267625,50,866.103203
473.760625,50,866.482479
444.968,50,866.837118
439.71,50,867.194186
406.00675,50,867.533615
524.152375,50,867.907913
425.952125,50,868.256263
436.90375,50,868.600299
398.46025,50,868.94504
478.8585,50,869.300284
413.6445,50,869.665194
487.056375,50,870.06396
384.909625,50,870.43988
459.74625,50,870.82294
442.5885,50,871.217196
423.75025,50,871.593995
418.764125,50,871.975238
385.156875,50,872.333958
412.273375,50,872.670677
425.274125,50,873.034429
428.731125,50,873.392806
544.094625,50,873.781386
402.60675,50,874.130103
410.41925,50,874.467523
400.246875,50,876.097889
418.256,50,876.447971
400.963,50,876.792171
464.937375,50,877.14978
484.62725,50,877.518836
330.708375,50,877.866543
486.46625,50,878.22511
589.93175,50,878.603004
504.973125,50,878.968531
478.308875,50,879.319693
448.438375,50,879.667719
415.98275,50,879.999465
459.21575,50,880.356598
463.8245,50,880.712418
446.250375,50,881.068663
507.24175,50,881.442237
473.515375,50,881.807684
502.83,50,882.205454
443.270688,50,882.574472
437.614,50,882.938257
423.285625,50,883.287843
565.6335,50,883.686731
406.782,50,884.034518
431.9195,50,884.411361
545.459625,50,884.831616
426.215125,50,885.220592
483.921125,50,885.602909
381.522313,50,885.94761
432.907,50,886.298339
486.39125,50,886.67254
530.108,50,887.05114
524.119063,50,887.453212
413.8525,50,887.802655
421.178,50,888.146863
461.71325,50,888.517107
365.415375,50,888.856027
433.43225,50,889.214624
518.24175,50,889.580994
488.920375,50,889.947386
337.148125,50,890.262374
452.99175,50,890.614828
396.19775,50,890.951957
463.22875,50,891.304768
402.9675,50,891.641619
444.794125,50,892.001632
500.2235,50,892.365051
449.60775,50,892.717642
430.4955,50,893.057258
485.849,50,893.432254
378.089625,50,893.772332
433.36775,50,894.13396
475.541375,50,894.501509
386.05175,50,894.846893
406.989,50,895.20719
443.32225,50,895.561665
451.669188,50,895.917262
517.8345,50,896.303942
544.0965,50,896.69129
463.366125,50,897.05861
519.901,50,897.443154
409.23675,50,897.805978
467.95875,50,898.174421
478.65575,50,898.543836
417.895,50,900.260822
409.290125,50,900.60659
506.842375,50,900.990082
384.634375,50,901.334333
417.64675,50,901.674776
431.015125,50,902.011892
386.5425,50,902.338677
466.322,50,902.690405
400.207125,50,903.018292
407.565,50,903.36605
484.055625,50,903.721486
406.1875,50,904.056204
485.346,50,904.412553
387.85075,50,904.748067
424.8335,50,905.109711
451.760375,50,905.473804
453.004,50,905.849187
569.271313,50,906.238002
447.151375,50,906.596475
496.907375,50,906.973748
478.901125,50,907.362964
461.5735,50,907.739704
399.85175,50,908.117331
381.980375,50,908.485244
498.620875,50,908.861694
428.87825,50,909.205812
486.149875,50,909.591224
422.715875,50,909.948807
485.967125,50,910.315096
437.564938,50,910.679337
368.69875,50,911.007178
405.700063,50,911.36485
527.981875,50,911.763636
444.004625,50,912.115607
438.781375,50,912.457161
405.101625,50,912.810731
437.363,50,913.169748
382.991,50,913.497736
460.778,50,913.85122
407.531875,50,914.187479
401.6235,50,914.514323
446.5475,50,914.856091
414.26225,50,915.179316
459.01425,50,915.534586
476.76025,50,915.887724
374.367,50,916.213118
464.357125,50,916.561561
342.43175,50,916.891911
400.904375,50,917.245312
439.036875,50,917.630329
391.6995,50,918.004543
430.470875,50,918.379745
449.0535,50,918.753612
401.904625,50,919.107677
373.1335,50,919.437981
426.573375,50,919.790259
410.063375,50,920.136612
469.42925,50,920.509066
443.01025,50,920.872223
524.5265,50,921.260212
498.6495,50,921.630154
527.881375,50,922.015718
499.89375,50,922.399876
487.440625,50,924.10161
496.05025,50,924.480212
386.366125,50,924.830406
413.961875,50,925.17742
451.247125,50,925.52714
411.626875,50,925.852481
481.725625,50,926.212273
364.034875,50,926.537425
466.788375,50,926.895474
387.348625,50,927.223028
410.055625,50,927.560964
443.152625,50,927.908675
505.613125,50,928.281086
451.758875,50,928.636717
465.600875,50,928.991997
524.163875,50,929.380542
467.616875,50,929.735472
422.622875,50,930.099642
588.360875,50,930.506283
414.50325,50,930.849647
455.650625,50,931.206607
372.232875,50,931.548357
488.96325,50,931.930588
407.4815,50,932.276093
407.792625,50,932.632357
370.2965,50,932.967151
387.774125,50,933.295074
488.063625,50,933.662035
462.48275,50,934.037101
443.1915,50,934.393543
453.320875,50,934.751557
409.803938,50,935.109407
386.566375,50,935.456728
456.71275,50,935.815304
423.471875,50,936.17585
423.1845,50,936.524653
360.932125,50,936.840561
424.62825,50,937.183875
509.210125,50,937.551806
343.129,50,937.881922
423.2175,50,938.213548
403.98625,50,938.543195
531.441,50,938.921936
429.54175,50,939.260698
425.5455,50,939.611726
432.643125,50,939.94659
468.34975,50,940.316413
466.566,50,940.709696
462.366875,50,941.064279
442.743625,50,941.436738
323.16075,50,941.775051
510.495,50,942.154361
430.177625,50,942.497965
423.388375,50,942.847544
442.857375,50,943.205757
435.55725,50,943.568834
466.308875,50,943.981888
423.152,50,944.398312
574.309875,50,944.83962
462.52525,50,945.249034
557.9225,50,945.682458
470.07825,50,946.043998
462.456375,50,946.404524
405.017125,50,948.046839
409.298375,50,948.394484
417.54125,50,948.740956
386.46175,50,949.075665
406.757125,50,949.400645
433.59025,50,949.751021
362.782375,50,950.087149
429.941,50,950.450298
427.613375,50,950.809838
481.00725,50,951.184432
489.14875,50,951.54684
422.01025,50,951.874014
448.719875,50,952.225951
486.752875,50,952.572023
504.26675,50,952.959399
428.404688,50,953.312959
411.056625,50,953.661576
446.4495,50,954.025612
437.416125,50,954.392831
389.50875,50,954.734681
439.8005,50,955.085933
430.129563,50,955.448922
496.520875,50,955.828159
467.896875,50,956.200734
479.081,50,956.569337
483.508125,50,956.93887
470.784,50,957.300666
481.20275,50,957.676448
397.683625,50,958.021436
442.715375,50,958.374815
365.231563,50,958.700907
428.6565,50,959.054105
400.644625,50,959.393101
421.816,50,959.74922
442.084,50,960.114347
425.836375,50,960.455423
552.152875,50,960.832911
413.252,50,961.166468
420.82325,50,961.509519
407.9155,50,961.845951
439.7695,50,962.204642
447.33825,50,962.542904
445.427625,50,962.890857
401.108375,50,963.229798
405.35625,50,963.55963
381.340375,50,963.90494
508.37475,50,964.272573
467.25875,50,964.653536
392.8875,50,965.001339
413.579875,50,965.344632
442.417875,50,965.715528
471.22975,50,966.069851
574.627625,50,966.47647
445.98475,50,966.84896
518.059,50,967.231449
389.629375,50,967.575868
443.22375,50,967.946364
445.68825,50,968.304267
345.280563,50,968.645551
459.0305,50,969.011551
410.28175,50,969.357065
478.88675,50,969.736174
494.195,50,970.115736
407.566125,50,971.752122
362.975625,50,972.079615
336.364313,50,972.417195
427.9915,50,972.753767
400.78425,50,973.082088
445.031875,50,973.431622
401.9475,50,973.785624
351.246,50,974.10776
520.922125,50,974.477545
385.970125,50,974.791378
407.308875,50,975.123708
405.77675,50,975.474102
524.032625,50,975.845406
433.828,50,976.199626
449.97725,50,976.56647
505.937,50,976.952698
608.2705,50,977.358215
463.149875,50,977.722885
448.324,50,978.081204
537.651125,50,978.465916
520.069375,50,978.851847
500.981188,50,979.241338
500.999875,50,979.631239
436.956875,50,979.977388
399.66225,50,980.329159
411.523625,50,980.681307
454.605,50,981.048363
414.508375,50,981.41614
482.73675,50,981.796327
417.677625,50,982.138996
430.4565,50,982.503919
436.28875,50,982.877844
501.291875,50,983.293729
445.1185,50,983.676452
346.104625,50,984.022351
468.413375,50,984.395037
441.9475,50,984.752281
309.74675,50,985.086675
414.3345,50,985.415576
420.9125,50,985.75425
444.568375,50,986.09015
549.92075,50,986.46114
449.50775,50,986.821756
402.481375,50,987.166675
385.625875,50,987.522285
448.244625,50,987.898073
369.850375,50,988.235364
441.5445,50,988.600436
408.921625,50,988.921697
473.83525,50,989.298401
476.156375,50,989.671043
425.698,50,990.01971
483.988125,50,990.392858
400.6965,50,990.739265
481.21625,50,991.09579
493.312875,50,991.4754
368.761,50,991.812595
344.3825,50,992.138275
478.5205,50,992.503998
407.873125,50,992.853304
422.3845,50,993.189117
394.152,50,993.534395
461.611,50,993.892577
488.20925,50,995.601375
425.526625,50,995.939701
571.90325,50,996.326162
405.332375,50,996.663522
481.528625,50,997.013801
498.902875,50,997.376729
503.060625,50,997.74804
531.15125,50,998.122082
432.41875,50,998.459958
413.43575,50,998.790986
536.373125,50,999.168306
519.3325,50,999.547652
411.854438,50,999.912431
481.061375,50,1000.280699
500.76675,50,1000.646006
506.388,50,1001.039446
492.601563,50,1001.423323
404.81875,50,1001.780049
508.277563,50,1002.167947
488.30425,50,1002.539454
487.34125,50,1002.903428
382.28475,50,1003.247854
427.056125,50,1003.614537
508.02875,50,1003.998071
485.907,50,1004.366879
537.012375,50,1004.750291
426.020125,50,1005.093018
460.1455,50,1005.467302
465.9295,50,1005.836143
466.00075,50,1006.197929
402.09,50,1006.563126
411.40325,50,1006.910227
447.616,50,1007.25594
442.528625,50,1007.602507
384.21025,50,1007.927199
494.623,50,1008.284906
424.88025,50,1008.624902
480.86325,50,1009.001175
494.675563,50,1009.368269
468.99925,50,1009.726778
455.8865,50,1010.073346
412.221625,50,1010.416639
409.353625,50,1010.748241
398.52175,50,1011.119915
471.7975,50,1011.482106
417.59675,50,1011.842755
339.4455,50,1012.190286
412.395,50,1012.547408
531.617625,50,1012.93706
437.744875,50,1013.296581
488.141375,50,1013.675418
423.599375,50,1014.033724
383.5575,50,1014.38453
502.5,50,1014.761679
447.982875,50,1015.120136
417.757625,50,1015.470326
479.86375,50,1015.832591
400.282,50,1016.171012
478.936625,50,1016.554889
445.840125,50,1016.946801
527.15225,50,1017.355329
417.688063,50,1017.722659
592.24125,50,1018.132337
515.94925,50,1018.508054
554.5235,50,1018.886312
472.57175,50,1019.235267
406.805125,50,1019.57737
346.431188,50,1019.890659
429.251,50,1020.233055
398.367875,50,1020.565685
442.8665,50,1020.897772
425.930375,50,1021.234356
453.322,50,1021.586626
418.21175,50,1021.915596
394.75775,50,1024.247608
453.47575,50,1024.670552
479.47475,50,1025.07422
460.746125,50,1025.428328
435.337,50,1025.794412
439.184625,50,1026.153224
446.8885,50,1026.503263
433.497875,50,1026.855972
404.091688,50,1027.213603
449.193313,50,1027.572479
390.00825,50,1027.929738
440.1465,50,1028.305571
455.527438,50,1028.68164
452.815813,50,1029.033985
406.293313,50,1029.393954
487.28475,50,1029.754019
439.813375,50,1030.115887
395.883063,50,1030.463608
419.536625,50,1030.817269
411.734375,50,1031.161684
444.276125,50,1031.511688
420.55025,50,1031.847018
506.85925,50,1032.213148
416.43625,50,1032.546517
479.755375,50,1032.90213
384.31975,50,1033.221349
427.257875,50,1033.554733
407.128125,50,1033.908632
459.059,50,1034.273444
439.404625,50,1034.63117
449.573375,50,1034.977706
471.822,50,1035.343874
465.394625,50,1035.701656
478.11225,50,1036.080056
410.525,50,1036.443374
367.60775,50,1036.785324
526.07975,50,1037.165417
357.54625,50,1037.505932
444.876125,50,1037.881687
429.050813,50,1038.242739
393.246875,50,1038.593653
389.337625,50,1038.946176
422.876125,50,1039.311263
462.8525,50,1039.680608
429.613375,50,1040.019357
420.9525,50,1040.354081
464.714875,50,1040.725188
436.987125,50,1041.086582
457.633375,50,1041.439979
439.896,50,1041.806107
404.792625,50,1042.149844
451.337625,50,1042.498385
451.201625,50,1042.832518
501.1025,50,1043.197775
472.45675,50,1043.545025
477.538875,50,1043.913128
471.9815,50,1044.272927
495.186875,50,1044.637498
406.857875,50,1044.969678
468.0455,50,1045.31325
446.576125,50,1045.667435
504.768875,50,1046.034419
457.273063,50,1046.40033
429.542625,50,1048.060813
494.784125,50,1048.455637
478.410375,50,1048.820516
408.96725,50,1049.173162
394.39625,50,1049.531595
382.70225,50,1049.875621
440.0475,50,1050.23006
416.253563,50,1050.596259
434.411875,50,1050.96541
417.855625,50,1051.322393
456.27275,50,1051.696553
421.084125,50,1052.046003
424.73825,50,1052.3844
492.089375,50,1052.763534
518.129875,50,1053.124557
442.627,50,1053.491248
462.387625,50,1053.84823
503.1375,50,1054.223167
421.108625,50,1054.592348
488.6785,50,1054.971596
429.03125,50,1055.326302
404.369875,50,1055.673541
441.231375,50,1056.024389
422.707625,50,1056.358249
465.331875,50,1056.714623
437.117,50,1057.050076
452.255375,50,1057.397248
409.858625,50,1057.738631
440.45575,50,1058.082452
484.609125,50,1058.452614
458.108125,50,1058.823408
428.036875,50,1059.170373
467.662375,50,1059.534243
483.3525,50,1059.909031
439.138875,50,1060.275658
456.835,50,1060.666991
450.91125,50,1061.044969
378.651125,50,1061.404453
482.657625,50,1061.794609
462.48475,50,1062.154065
477.77325,50,1062.531788
524.46875,50,1062.938892
411.107625,50,1063.320127
498.469125,50,1063.731785
483.831125,50,1064.10069
460.079125,50,1064.474742
370.793375,50,1064.814912
470.701125,50,1065.173873
478.665375,50,1065.554347
514.13275,50,1065.927222
475.627625,50,1066.271338
523.685375,50,1066.64607
535.028125,50,1067.015841
419.7825,50,1067.355231
445.75425,50,1067.689479
445.360375,50,1068.041831
389.514625,50,1068.367582
403.9045,50,1068.706888
438.327625,50,1069.062682
441.636,50,1069.409904
552.404875,50,1069.792607
537.842125,50,1070.176578
448.471125,50,1070.543663
448.799875,50,1072.208771
421.95275,50,1072.570634
461.59275,50,1072.944761
469.793625,50,1073.309473
485.529,50,1073.683408
484.137375,50,1074.053904
463.654875,50,1074.407406
486.20275,50,1074.791023
424.180875,50,1075.146343
373.676375,50,1075.491798
462.392625,50,1075.863142
407.196875,50,1076.201169
481.877875,50,1076.571318
421.311875,50,1076.959508
455.590625,50,1077.325384
421.236,50,1077.68166
408.0,50,1078.023409
433.305375,50,1078.37358
368.131625,50,1078.707549
450.094875,50,1079.04924
420.410625,50,1079.393105
580.608625,50,1079.778564
374.759625,50,1080.111333
364.503625,50,1080.440772
504.04225,50,1080.805248
435.422125,50,1081.149238
500.118875,50,1081.506763
409.6905,50,1081.84504
467.397625,50,1082.198567
474.772,50,1082.576224
484.832125,50,1082.935995
409.788875,50,1083.278433
506.087,50,1083.654352
537.680625,50,1084.057292
412.548875,50,1084.410059
379.109625,50,1084.754021
419.711625,50,1085.117514
405.012375,50,1085.458986
490.83075,50,1085.834504
420.671,50,1086.205749
442.250625,50,1086.571089
431.442,50,1086.927883
408.331125,50,1087.280149
393.875125,50,1087.647223
387.28325,50,1088.013759
450.453375,50,1088.399279
477.84275,50,1088.803798
380.785875,50,1089.163982
466.244125,50,1089.520432
500.101375,50,1089.886228
486.894125,50,1090.248758
432.733,50,1090.594185
430.68225,50,1090.937768
447.856125,50,1091.291903
413.041125,50,1091.632244
483.96425,50,1091.992674
458.79125,50,1092.358504
380.88875,50,1092.677538
442.922875,50,1093.035216
393.6375,50,1093.367246
385.61075,50,1093.714312
459.8555,50,1094.087879
473.9255,50,1094.460116
347.791125,50,1096.187742
492.1865,50,1096.556366
449.5805,50,1096.936386
359.916875,50,1097.30084
470.952375,50,1097.703243
399.612125,50,1098.064458
405.34275,50,1098.430084
469.274375,50,1098.802973
454.933875,50,1099.160356
457.342375,50,1099.534181
439.765125,50,1099.898408
505.61475,50,1100.271708
430.06525,50,1100.624856
431.012375,50,1100.97038
457.3515,50,1101.339098
447.921625,50,1101.734552
530.08275,50,1102.144783
441.885875,50,1102.525736
406.0125,50,1102.864927
498.343125,50,1103.232764
379.347875,50,1103.548371
463.086875,50,1103.898371
442.056875,50,1104.253236
463.729875,50,1104.620105
416.03825,50,1104.965891
460.089875,50,1105.312056
401.650375,50,1105.656524
448.107,50,1106.01362
507.158125,50,1106.396167
441.9055,50,1106.760227
490.967625,50,1107.128106
534.1065,50,1107.518145
478.173875,50,1107.909705
439.380125,50,1108.268859
428.9485,50,1108.625984
469.022,50,1109.004765
449.97925,50,1109.368733
412.0635,50,1109.727062
405.995875,50,1110.07718
437.706125,50,1110.435449
622.932625,50,1110.850275
464.422375,50,1111.215616
475.270875,50,1111.602394
532.629625,50,1112.004697
423.237625,50,1112.346469
451.86175,50,1112.715544
425.44575,50,1113.065213
464.088625,50,1113.424635
460.39075,50,1113.777769
461.421875,50,1114.129805
500.333125,50,1114.507033
543.64125,50,1114.887083
439.867,50,1115.230388
461.2695,50,1115.582904
388.187375,50,1115.905439
453.94025,50,1116.251139
405.54375,50,1116.586049
506.158,50,1116.957431
493.18025,50,1117.319606
459.72275,50,1117.678814
524.264625,50,1118.059971
404.03525,50,1118.412083
506.25,50,1118.80388
472.325625,50,1120.503545
388.980813,50,1120.849119
474.11425,50,1121.225352
471.337375,50,1121.62383
482.7645,50,1122.025513
439.00375,50,1122.428129
501.945875,50,1122.81303
463.963125,50,1123.174883
464.908375,50,1123.552234
383.563375,50,1123.896971
438.779625,50,1124.257066
445.53325,50,1124.624957
518.211125,50,1124.991751
463.976875,50,1125.355008
492.50675,50,1125.726426
475.176563,50,1126.10491
498.090125,50,1126.479535
506.25075,50,1126.851551
435.5725,50,1127.18935
499.349625,50,1127.557077
524.898375,50,1127.921271
464.570125,50,1128.263716
361.267375,50,1128.583759
483.89075,50,1128.942563
426.098875,50,1129.275714
384.56875,50,1129.594498
436.7575,50,1129.944691
457.684,50,1130.321387
378.636938,50,1130.662914
477.91925,50,1131.027039
377.568625,50,1131.369802
498.555875,50,1131.746622
515.264125,50,1132.132025
471.924875,50,1132.498878
377.102313,50,1132.848363
420.677875,50,1133.209166
514.80875,50,1133.610122
401.5885,50,1133.99499
426.57075,50,1134.36625
414.33225,50,1134.73891
524.022125,50,1135.11954
436.47825,50,1135.494385
565.919,50,1135.889444
438.52925,50,1136.248343
590.232875,50,1136.665435
481.33825,50,1137.046835
561.054875,50,1137.447738
482.1685,50,1137.808013
485.0445,50,1138.163396
494.5715,50,1138.538572
494.803875,50,1138.896845
420.642813,50,1139.237438
390.090625,50,1139.570546
392.494875,50,1139.896957
425.8945,50,1140.244858
408.13725,50,1140.589499
427.46225,50,1140.950809
546.265,50,1141.340313
462.576625,50,1141.70729
472.145125,50,1142.073198
396.142125,50,1142.413237
431.333938,50,1142.760595
444.715625,50,1143.114267
468.8,50,1144.764944
575.37275,50,1145.170547
466.536625,50,1145.535285
404.60025,50,1145.876388
400.9505,50,1146.230397
460.506813,50,1146.612216
367.430625,50,1146.962291
519.94975,50,1147.33974
467.052625,50,1147.697852
562.57275,50,1148.088827
482.973125,50,1148.453444
382.166125,50,1148.794104
481.34725,50,1149.154499
426.0225,50,1149.497236
491.55575,50,1149.874232
466.603625,50,1150.234094
442.34575,50,1150.577889
415.375,50,1150.937998
503.381875,50,1151.301724
401.386375,50,1151.649429
464.025625,50,1151.993268
480.644625,50,1152.353565
456.88825,50,1152.703256
408.105875,50,1153.03259
392.803875,50,1153.360389
459.272625,50,1153.708462
380.21125,50,1154.054221
472.242,50,1154.422566
539.2295,50,1154.824059
423.29525,50,1155.212897
473.298375,50,1155.614642
406.548125,50,1155.979761
467.4505,50,1156.345746
477.06075,50,1156.704863
589.332375,50,1157.097482
406.793375,50,1157.432229
475.995,50,1157.798774
399.0745,50,1158.148042
516.302,50,1158.528816
473.088,50,1158.891541
476.3955,50,1159.260435
431.929875,50,1159.617803
474.165875,50,1159.995881
526.59975,50,1160.376424
491.683625,50,1160.734966
525.61425,50,1161.126264
446.719375,50,1161.480344
444.042,50,1161.836711
457.336,50,1162.188053
395.791625,50,1162.533949
437.722,50,1162.881601
500.704625,50,1163.246105
460.1985,50,1163.600692
462.993875,50,1163.954189
451.04825,50,1164.296987
403.973875,50,1164.640281
434.420875,50,1164.988097
452.58725,50,1165.36145
475.100063,50,1165.733957
481.581625,50,1166.112026
429.14925,50,1166.470771
495.522625,50,1166.847728
542.439313,50,1167.250777
474.715875,50,1168.930102
460.680375,50,1169.296198
449.971125,50,1169.653828
349.792875,50,1170.040118
504.14925,50,1170.444632
449.100875,50,1170.834953
507.654625,50,1171.22803
449.4935,50,1171.583586
430.3105,50,1171.93128
404.980875,50,1172.27467
380.291625,50,1172.607352
472.367,50,1172.978195
452.313625,50,1173.352546
455.674875,50,1173.733225
451.48725,50,1174.084891
487.29475,50,1174.444642
581.89325,50,1174.836086
452.153875,50,1175.188363
383.408375,50,1175.513793
419.155375,50,1175.860612
558.135125,50,1176.237944
446.95525,50,1176.589369
505.066,50,1176.955344
417.048875,50,1177.294483
614.6545,50,1177.698608
444.398625,50,1178.078144
435.563375,50,1178.439066
505.377375,50,1178.81233
397.98575,50,1179.161987
482.020125,50,1179.565721
466.51375,50,1179.962557
491.6955,50,1180.371949
420.48775,50,1180.734857
418.136813,50,1181.074616
441.422125,50,1181.42955
410.919938,50,1181.766044
431.1725,50,1182.113575
470.809875,50,1182.489572
476.714,50,1182.855789
427.939,50,1183.198156
560.18425,50,1183.592772
463.966875,50,1183.96325
467.1405,50,1184.328557
526.07175,50,1184.721274
436.83225,50,1185.071866
497.969125,50,1185.440347
436.035,50,1185.797978
441.57625,50,1186.148721
458.420375,50,1186.491643
421.997625,50,1186.826351
451.619875,50,1187.186897
539.23225,50,1187.578933
420.26,50,1187.935935
478.58375,50,1188.317326
421.88875,50,1188.67431
446.31025,50,1189.02512
506.145,50,1189.408714
448.384375,50,1189.779212
466.23075,50,1190.141243
565.037625,50,1190.531386
617.69025,50,1190.957734
421.6605,50,1191.315492
403.435875,50,1191.665787
