#{"t_start": 1677817233.2604933, "env_id": "gym_cell/cg-v0"}
r,l,t
513.9975,50,3.245137
682.137,50,3.815187
420.75225,50,4.389406
681.7245,50,4.947171
568.2185,50,5.51626
505.208,50,6.085585
578.027,50,6.651982
502.8905,50,7.193224
427.439,50,7.759517
426.0285,50,8.286914
566.6865,50,8.873294
484.2685,50,9.436784
560.916,50,10.013036
651.1525,50,10.645845
547.405,50,11.197863
505.9465,50,11.747175
466.207,50,12.31862
399.3995,50,12.878368
276.504,50,13.389541
402.587,50,13.951225
764.72,50,14.518061
628.0755,50,15.103163
494.5065,50,15.63291
527.52,50,16.167764
484.2925,50,16.699281
556.472,50,17.242079
528.0005,50,17.798351
655.9215,50,18.385624
619.577,50,18.938616
542.9805,50,19.445692
799.1435,50,20.005216
490.8165,50,20.57201
571.289,50,21.124882
439.66175,50,21.719359
550.818,50,22.320219
503.5225,50,22.914424
420.11975,50,23.469032
655.751,50,24.067944
695.624,50,24.644227
579.6495,50,25.23328
351.38425,50,25.729925
763.961,50,26.340127
473.6755,50,26.91087
762.054,50,27.469601
565.7105,50,28.035734
512.601,50,28.599663
464.8,50,29.169184
703.034,50,29.744983
506.95825,50,30.28633
423.86525,50,30.835556
537.0375,50,31.390433
644.9075,50,31.952264
581.624,50,32.496034
633.446,50,33.058478
508.7955,50,33.560202
546.9795,50,34.100763
532.976,50,34.633868
667.944,50,35.214758
496.127,50,35.746694
570.942,50,36.268449
739.703,50,36.833109
593.997,50,37.355036
436.9115,50,39.349089
589.549,50,39.928116
751.0685,50,40.509214
488.565,50,41.057618
417.90475,50,41.603927
595.2075,50,42.14675
568.764,50,42.747239
498.624,50,43.301514
446.2765,50,43.886082
504.41,50,44.467638
689.183,50,45.074982
553.228,50,45.652574
453.3665,50,46.193607
409.918,50,46.714117
626.634,50,47.249935
554.083,50,47.81818
646.448,50,48.393145
644.6575,50,48.969197
389.75725,50,49.520772
431.9355,50,50.09602
495.094,50,50.588484
439.87825,50,51.166864
472.539,50,51.715812
579.5895,50,52.250832
459.1495,50,52.812434
492.296,50,53.355073
365.8155,50,53.84423
518.4065,50,54.387461
487.9405,50,54.963608
388.429,50,55.499546
651.034,50,56.039677
457.8985,50,56.598742
431.181,50,57.158387
518.8065,50,57.771142
484.2815,50,58.402194
642.657,50,59.054981
460.549,50,59.619678
565.9465,50,60.184149
497.53,50,60.73042
633.236,50,61.32721
495.1575,50,61.890631
556.654,50,62.479868
531.23,50,63.065993
501.177,50,63.604677
485.0165,50,64.151754
425.3615,50,64.740393
511.6515,50,65.306077
538.17325,50,65.873116
452.0965,50,66.461645
586.898,50,67.035108
607.158,50,67.591856
452.0265,50,68.134854
598.6755,50,68.705419
393.461,50,69.233053
616.465,50,69.804256
498.63,50,70.322728
670.468,50,70.872435
492.104,50,71.381943
802.99,50,71.942615
581.606,50,72.503641
410.7235,50,73.051046
509.3285,50,73.548645
560.952,50,74.092436
399.455,50,76.071581
675.1435,50,76.643069
618.2035,50,77.20948
646.391,50,77.779649
409.678,50,78.316196
571.8295,50,78.853262
521.4875,50,79.402883
494.9405,50,79.960383
583.9805,50,80.530004
406.5705,50,81.105209
608.8385,50,81.650505
608.785,50,82.256974
432.445,50,82.817743
411.734,50,83.388914
661.4535,50,83.965165
631.821,50,84.526597
667.6185,50,85.083693
627.1475,50,85.65376
484.9625,50,86.232193
607.753,50,86.794066
547.7385,50,87.357717
666.6975,50,87.908439
527.637,50,88.442681
685.1165,50,88.993559
711.769,50,89.55498
388.5615,50,90.083074
409.7505,50,90.611117
663.5835,50,91.14477
419.4605,50,91.702643
343.025,50,92.201503
573.6065,50,92.78699
663.408,50,93.431978
343.953,50,93.978521
412.73875,50,94.545489
500.5305,50,95.175149
454.8605,50,95.763087
579.346,50,96.380456
473.227,50,96.942236
557.551,50,97.541773
572.491,50,98.124244
480.2785,50,98.681594
647.9305,50,99.22771
608.6135,50,99.786327
455.373,50,100.308334
612.56925,50,100.90237
727.1645,50,101.47676
553.4365,50,102.061593
701.131,50,102.65095
447.2275,50,103.22151
488.31925,50,103.764108
529.025,50,104.317918
520.7775,50,104.888147
464.705,50,105.409306
485.7525,50,105.924756
526.5265,50,106.505084
396.88,50,107.036753
796.386,50,107.602913
587.743,50,108.166412
613.1375,50,108.679925
582.864,50,109.210207
573.4975,50,109.749817
625.69,50,110.32583
389.607,50,110.87816
594.5265,50,112.91493
487.27925,50,113.478348
488.484,50,114.055575
466.745,50,114.590079
517.824,50,115.143569
649.3675,50,115.721077
588.7645,50,116.281777
556.76025,50,116.854022
511.604,50,117.427539
421.013,50,117.90254
488.681,50,118.465344
568.686,50,119.011606
694.6385,50,119.61339
435.47,50,120.168405
401.8185,50,120.728921
304.928,50,121.282355
588.468,50,121.837881
489.8565,50,122.388914
608.92,50,122.961041
613.9215,50,123.505399
512.6785,50,124.059223
510.462,50,124.598534
716.9935,50,125.158831
433.9315,50,125.690283
748.566,50,126.263708
617.4195,50,126.795576
470.063,50,127.33587
536.413,50,127.883778
575.7305,50,128.426472
397.4665,50,128.994088
662.619,50,129.595
475.832,50,130.166075
441.7235,50,130.740174
645.2875,50,131.364396
627.4145,50,131.992419
483.4935,50,132.559749
460.286,50,133.091828
343.189,50,133.671994
611.0,50,134.262804
519.27,50,134.850809
694.445,50,135.409213
473.5505,50,135.971275
699.4625,50,136.537611
492.158,50,137.11059
825.146,50,137.6965
775.951,50,138.269302
645.048,50,138.838513
465.906,50,139.404045
837.511,50,140.007197
766.805,50,140.584178
477.3875,50,141.155142
480.8895,50,141.699112
451.546,50,142.271358
602.1175,50,142.839043
454.2975,50,143.383539
558.017,50,143.911149
661.3435,50,144.497597
656.2195,50,145.04311
461.0335,50,145.556879
534.368,50,146.077324
474.3585,50,146.639772
661.4965,50,147.208901
387.5345,50,147.742868
685.266,50,149.750354
551.6725,50,150.303922
571.842,50,150.893159
502.4425,50,151.465642
629.7585,50,152.053928
627.0375,50,152.66569
763.0265,50,153.244127
442.78225,50,153.78528
481.241,50,154.350344
513.91,50,154.937174
453.328,50,155.480339
531.9675,50,156.028378
353.45825,50,156.582726
559.1935,50,157.150111
565.018,50,157.691926
577.009,50,158.208748
580.896,50,158.776085
508.405,50,159.315985
412.8695,50,159.865834
605.7065,50,160.404181
656.0855,50,160.953027
435.465,50,161.484365
659.041,50,162.06304
740.0765,50,162.611222
474.2865,50,163.138289
450.397,50,163.679196
475.113,50,164.229698
576.277,50,164.805733
687.1845,50,165.374722
557.279,50,165.958282
737.3035,50,166.525581
609.9125,50,167.096374
491.3335,50,167.689228
506.9815,50,168.268837
445.792,50,168.816082
423.2515,50,169.379036
372.4365,50,169.926615
480.8435,50,170.516049
580.336,50,171.06368
649.512,50,171.626269
356.1425,50,172.193003
516.792,50,172.759368
658.512,50,173.309688
664.8755,50,173.906
685.8865,50,174.463629
588.6675,50,175.023413
568.328,50,175.578477
473.801,50,176.147666
500.689,50,176.674429
662.061,50,177.224678
786.04,50,177.741035
587.132,50,178.293823
773.3565,50,178.870986
434.2965,50,179.37618
377.759,50,179.951948
481.2095,50,180.522747
451.289,50,181.090895
610.2635,50,181.632339
541.162,50,182.165635
455.4645,50,182.696079
616.434,50,183.318452
613.5575,50,183.925414
462.78,50,184.484788
465.619,50,186.529996
516.99,50,187.077402
430.6755,50,187.628471
330.677,50,188.126771
507.9055,50,188.662869
583.1845,50,189.247665
538.494,50,189.775837
601.064,50,190.359298
550.8025,50,190.914779
402.937,50,191.44695
528.42325,50,191.999966
343.7145,50,192.536936
613.99125,50,193.108864
395.349,50,193.662573
607.7265,50,194.227096
423.027,50,194.754486
535.754,50,195.332235
451.196,50,195.85955
355.7775,50,196.388034
380.1125,50,196.923502
573.181,50,197.479338
479.5395,50,198.02869
473.3585,50,198.586751
616.024,50,199.163707
626.5315,50,199.716382
595.425,50,200.276056
526.157,50,200.832671
316.481,50,201.38915
411.081,50,201.934206
642.402,50,202.518623
592.083,50,203.099541
621.1105,50,203.725593
621.7025,50,204.423291
567.774,50,205.087404
470.937,50,205.736516
308.5805,50,206.260141
524.637,50,206.846292
616.568,50,207.4468
381.299,50,208.002298
377.6815,50,208.530712
810.8185,50,209.139118
555.8825,50,209.70518
512.9905,50,210.273529
495.5315,50,210.807302
668.17,50,211.386609
604.3665,50,211.989741
430.1455,50,212.494007
536.903,50,213.048581
587.728,50,213.563782
605.15875,50,214.106526
661.4125,50,214.641964
626.8785,50,215.180251
531.563,50,215.69254
658.1035,50,216.203645
469.959,50,216.747747
606.264,50,217.283039
424.233,50,217.807194
466.969,50,218.33912
523.998,50,218.87803
303.49125,50,219.427474
671.738,50,219.999897
629.447,50,220.563167
649.4135,50,221.125113
683.638,50,223.221174
362.6525,50,223.735953
662.3785,50,224.318263
555.152,50,224.897169
634.47,50,225.473081
531.404,50,226.063395
582.611,50,226.63663
423.513,50,227.137197
614.8885,50,227.7047
537.1915,50,228.275788
648.7245,50,228.845829
427.7215,50,229.403411
305.4595,50,229.981569
466.256,50,230.539721
625.654,50,231.092811
563.382,50,231.623757
654.1515,50,232.18594
458.027,50,232.732094
515.8765,50,233.296353
456.9335,50,233.837146
607.5645,50,234.392618
417.023,50,234.909037
473.8925,50,235.453193
537.0015,50,235.995365
673.8165,50,236.51241
595.75,50,237.041399
533.366,50,237.581652
616.53675,50,238.154428
579.7,50,238.757622
670.4835,50,239.368104
390.697,50,239.913676
556.6475,50,240.428733
434.9315,50,240.993198
599.1965,50,241.592573
585.9585,50,242.17498
589.3005,50,242.775079
647.2135,50,243.34937
633.495,50,243.929189
607.19575,50,244.530052
538.0885,50,245.097458
416.4395,50,245.666518
381.588,50,246.185547
615.479,50,246.766464
454.56,50,247.32755
567.7795,50,247.901523
453.481,50,248.436233
665.4915,50,249.01561
598.539,50,249.557979
739.071,50,250.096788
394.7855,50,250.637481
671.638,50,251.199992
409.7855,50,251.730624
507.57,50,252.268626
400.698,50,252.779081
581.334,50,253.363868
588.091,50,253.924498
478.259,50,254.447243
404.146,50,255.027153
319.36775,50,255.555321
735.943,50,256.130899
569.448,50,256.726142
575.602,50,257.322681
496.099,50,257.895341
665.0685,50,260.549309
359.357,50,261.126896
684.2795,50,261.73304
596.2065,50,262.337194
584.7905,50,262.878497
346.82325,50,263.414442
519.006,50,263.992489
500.063,50,264.519863
450.848,50,265.079792
487.5935,50,265.651454
437.374,50,266.169912
853.677,50,266.773923
441.2255,50,267.335834
643.355,50,267.908236
653.004,50,268.437387
511.872,50,268.99896
524.478,50,269.555978
551.64725,50,270.117183
623.5355,50,270.663095
513.851,50,271.22095
635.8285,50,271.77115
615.2835,50,272.327939
452.25875,50,272.915845
762.5755,50,273.479093
702.395,50,274.044427
701.39025,50,274.596463
634.5285,50,275.199711
487.8415,50,275.768534
710.1675,50,276.379001
568.2655,50,276.959633
619.2165,50,277.549409
675.743,50,278.177599
382.8235,50,278.725079
434.512,50,279.32016
518.937,50,279.897284
511.4225,50,280.440838
497.418,50,280.95176
616.072,50,281.528981
490.18,50,282.088681
460.461,50,282.592206
593.7475,50,283.127854
721.4945,50,283.676058
246.5945,50,284.19879
454.654,50,284.747588
648.543,50,285.330421
465.8275,50,285.838418
557.5215,50,286.373972
629.798,50,286.963298
419.2205,50,287.513888
671.474,50,288.069292
441.16225,50,288.605079
638.8065,50,289.16189
585.721,50,289.692259
521.0435,50,290.192891
577.123,50,290.74559
535.128,50,291.307632
466.5605,50,291.862361
546.2505,50,292.432772
604.249,50,293.015674
529.4415,50,293.558868
702.3115,50,294.134503
608.2515,50,294.675094
581.2445,50,295.244613
449.1185,50,297.242196
433.803,50,297.766645
395.91075,50,298.301009
627.593,50,298.867264
492.7425,50,299.42488
533.1765,50,300.02037
421.13225,50,300.59854
788.016,50,301.208798
438.5715,50,301.768207
573.286,50,302.328869
572.2095,50,302.922001
509.568,50,303.465185
434.232,50,303.991842
409.012,50,304.519826
447.4645,50,305.058048
561.23,50,305.634417
535.1295,50,306.171458
506.154,50,306.757102
469.8185,50,307.318998
566.5355,50,307.892985
492.109,50,308.419273
306.7055,50,308.968995
531.0815,50,309.513098
600.384,50,310.034751
768.7925,50,310.666485
435.695,50,311.243996
525.7625,50,311.848579
618.246,50,312.421376
356.157,50,312.97879
544.6615,50,313.530133
376.349,50,314.103323
500.037,50,314.637376
724.543,50,315.242273
551.0215,50,315.849121
613.507,50,316.452645
272.0525,50,316.991942
581.723,50,317.55723
573.35575,50,318.131204
537.2625,50,318.709931
550.8515,50,319.267447
759.015,50,319.835241
602.388,50,320.401979
428.869,50,320.984463
501.9325,50,321.577564
640.0755,50,322.142543
460.679,50,322.710883
488.881,50,323.262489
634.054,50,323.821254
507.147,50,324.377545
569.0115,50,324.934872
658.656,50,325.482572
437.8675,50,326.030564
605.31925,50,326.585895
517.697,50,327.143889
589.9085,50,327.670216
547.666,50,328.239513
608.463,50,328.793196
361.742,50,329.366802
523.98,50,329.977739
653.4205,50,330.5735
451.5765,50,331.106479
347.58,50,331.64133
587.9875,50,332.211314
606.9605,50,334.232631
469.9925,50,334.775611
706.124,50,335.333137
740.955,50,335.909391
551.933,50,336.467877
559.519,50,337.038882
414.955,50,337.590225
788.394,50,338.177794
634.623,50,338.77497
623.1645,50,339.356687
543.4455,50,339.943312
466.0815,50,340.510896
632.1745,50,341.066002
539.4565,50,341.654718
495.0255,50,342.234747
596.32125,50,342.791253
398.5315,50,343.317458
516.51675,50,343.839352
316.0335,50,344.387952
322.4945,50,344.930245
743.4805,50,345.509387
581.59675,50,346.043182
590.071,50,346.596494
725.134,50,347.212396
629.6775,50,347.819602
388.8035,50,348.345134
531.035,50,348.893691
582.837,50,349.444874
524.2515,50,350.061572
469.2895,50,350.640984
409.597,50,351.182473
481.659,50,351.776089
625.661,50,352.40287
541.4545,50,352.950001
498.0005,50,353.543375
418.154,50,354.126616
730.489,50,354.729299
458.9785,50,355.288529
531.7915,50,355.885911
435.342,50,356.409579
439.4035,50,356.964072
611.3165,50,357.540837
563.0775,50,358.113938
491.2415,50,358.661745
603.4,50,359.228588
541.029,50,359.799067
461.5165,50,360.331614
558.537,50,360.885367
551.596,50,361.473561
568.32375,50,362.020926
717.6045,50,362.587205
623.1745,50,363.135177
635.1585,50,363.668128
596.071,50,364.194066
434.9265,50,364.720309
452.9875,50,365.247648
663.269,50,365.840478
482.927,50,366.370516
503.9705,50,366.959224
364.969,50,367.498776
551.5075,50,368.074639
595.771,50,368.68174
693.2415,50,369.268533
682.8775,50,371.328038
694.9945,50,371.913824
429.342,50,372.494877
756.1165,50,373.044188
398.2185,50,373.575212
481.9125,50,374.119391
701.5755,50,374.706654
506.1325,50,375.286399
498.5735,50,375.854603
582.321,50,376.38758
439.3185,50,376.942963
641.0035,50,377.508099
654.483,50,378.096156
332.2975,50,378.645413
607.3025,50,379.201948
647.962,50,379.796988
487.5955,50,380.349366
653.082,50,380.893561
585.27,50,381.461104
417.595,50,382.008594
525.744,50,382.596014
588.468,50,383.136883
579.06625,50,383.69734
666.947,50,384.271195
526.608,50,384.816813
568.22425,50,385.352624
542.159,50,385.895514
440.869,50,386.472447
609.001,50,387.032546
366.032,50,387.557142
646.4125,50,388.151567
448.6815,50,388.753912
515.2715,50,389.343231
758.434,50,389.938989
636.655,50,390.523318
559.41,50,391.089448
625.932,50,391.630158
730.974,50,392.182925
517.5295,50,392.739462
569.0355,50,393.294341
501.76075,50,393.881785
578.462,50,394.448542
535.129,50,395.00672
470.787,50,395.518024
610.8155,50,396.084984
478.496,50,396.59902
661.907,50,397.144799
565.3335,50,397.678548
612.6865,50,398.240797
620.81,50,398.786237
740.731,50,399.323799
483.9105,50,399.853202
571.809,50,400.40197
610.9495,50,400.979833
545.28,50,401.523379
626.6475,50,402.147054
361.2925,50,402.707083
773.843,50,403.250293
722.826,50,403.8083
681.765,50,404.386817
561.051,50,404.960794
498.1635,50,405.527336
699.144,50,406.133086
411.7395,50,408.370812
414.0605,50,408.899062
595.486,50,409.493308
466.598,50,410.050108
667.6685,50,410.636085
433.4695,50,411.119111
545.587,50,411.64898
672.5725,50,412.249299
475.9755,50,412.812097
664.75325,50,413.41119
460.4835,50,413.99685
512.1435,50,414.572696
721.78675,50,415.126465
573.8995,50,415.677608
540.465,50,416.200774
540.0425,50,416.712044
629.0605,50,417.278299
768.3195,50,417.812937
677.696,50,418.34004
514.314,50,418.902317
551.2785,50,419.46017
538.63625,50,420.027064
587.991,50,420.593842
462.1415,50,421.130204
437.322,50,421.682116
471.06675,50,422.229967
653.9545,50,422.784833
644.037,50,423.314744
704.9085,50,423.878834
638.725,50,424.446519
644.33,50,425.014881
462.79,50,425.601438
631.491,50,426.197566
592.538,50,426.785784
430.925,50,427.335316
537.2155,50,427.924557
647.7325,50,428.488938
576.511,50,429.078168
600.182,50,429.640173
441.387,50,430.186402
592.04975,50,430.763741
506.4095,50,431.287187
556.99675,50,431.841304
639.5885,50,432.398896
902.9275,50,432.982088
572.01125,50,433.554098
412.152,50,434.083634
504.983,50,434.622803
335.8685,50,435.124614
501.8595,50,435.645271
517.7695,50,436.192145
516.4815,50,436.736003
452.4055,50,437.302268
608.90425,50,437.834613
456.6175,50,438.391551
539.093,50,438.977482
493.679,50,439.519455
747.918,50,440.101774
414.1875,50,440.643977
550.6535,50,441.181986
551.03,50,441.775959
493.0995,50,442.379583
605.771,50,442.947836
732.6855,50,444.951141
415.939,50,445.541562
413.0865,50,446.064362
636.76,50,446.635422
388.4455,50,447.19253
536.988,50,447.762722
493.2445,50,448.305511
453.053,50,448.854563
634.3055,50,449.414068
442.633,50,449.968165
577.442,50,450.532874
559.3935,50,451.065233
419.414,50,451.578564
578.4815,50,452.123326
499.772,50,452.646988
435.871,50,453.1706
663.478,50,453.709198
414.4025,50,454.24359
529.6845,50,454.796379
568.368,50,455.323076
535.309,50,455.920694
524.3155,50,456.478641
773.04,50,457.076263
371.2525,50,457.584837
495.5905,50,458.195507
560.209,50,458.824874
683.9695,50,459.42993
537.645,50,459.987341
502.34475,50,460.530257
497.0495,50,461.073707
454.6,50,461.640122
546.7795,50,462.2191
407.1415,50,462.767583
560.0395,50,463.330201
544.259,50,463.904787
374.7385,50,464.439968
752.5125,50,465.010846
696.4025,50,465.521597
625.3525,50,466.093735
583.453,50,466.626192
783.2075,50,467.194492
516.796,50,467.763366
757.167,50,468.346935
713.107,50,468.923987
497.8545,50,469.472311
543.3675,50,469.974903
547.87,50,470.531862
486.589,50,471.065081
525.85,50,471.614857
679.6825,50,472.160627
629.8685,50,472.67717
676.5685,50,473.286112
569.75775,50,473.889033
607.1845,50,474.500093
734.5845,50,475.136566
537.252,50,475.71777
622.518,50,476.319756
538.96,50,476.855209
569.261,50,477.38739
364.2635,50,477.943708
508.0605,50,478.509915
493.2065,50,479.065647
598.9335,50,479.609403
427.6845,50,481.565725
599.183,50,482.135677
623.237,50,482.696336
542.5645,50,483.215932
467.66,50,483.779422
420.014,50,484.369528
458.0575,50,484.961987
543.5665,50,485.542309
426.193,50,486.092993
731.707,50,486.606256
570.1365,50,487.184631
555.8845,50,487.743302
388.428,50,488.261469
440.3085,50,488.78809
425.831,50,489.304624
535.3245,50,489.870609
629.8615,50,490.420688
657.127,50,490.989801
487.0425,50,491.517739
587.82775,50,492.077667
530.8725,50,492.674906
572.375,50,493.236255
460.256,50,493.808827
578.2625,50,494.359509
481.5965,50,494.914265
528.2495,50,495.505956
469.0395,50,496.090331
542.0015,50,496.68039
710.6505,50,497.247209
634.1575,50,497.868292
536.408,50,498.501146
512.1975,50,499.10792
536.1655,50,499.699856
541.396,50,500.251505
578.607,50,500.800667
490.5195,50,501.385133
549.0185,50,501.974604
493.067,50,502.498916
752.8905,50,503.101955
472.146,50,503.642042
588.0015,50,504.175438
355.3,50,504.71597
555.499,50,505.263102
329.0665,50,505.793016
611.07125,50,506.353646
481.4885,50,506.922007
560.274,50,507.46764
478.6155,50,508.010972
479.5885,50,508.541828
529.01475,50,509.080989
494.006,50,509.715614
486.551,50,510.303424
553.287,50,510.875079
814.0355,50,511.462611
545.6345,50,512.012215
609.023,50,512.506693
749.39,50,513.077264
483.08875,50,513.62815
607.7415,50,514.200595
499.975,50,514.760221
398.7185,50,515.313858
516.895,50,515.89393
295.28,50,516.392686
520.077,50,518.332423
568.615,50,518.878704
721.0645,50,519.469115
411.8355,50,520.000443
565.159,50,520.526647
480.129,50,521.107909
670.888,50,521.693379
621.6215,50,522.249919
500.448,50,522.804161
623.9275,50,523.354026
560.692,50,523.904145
547.1705,50,524.452494
489.342,50,524.942306
627.2955,50,525.495659
695.249,50,526.035573
487.712,50,526.599571
467.99625,50,527.171782
629.2035,50,527.712946
671.674,50,528.283433
603.9405,50,528.872727
580.3035,50,529.455277
551.446,50,530.033323
528.0675,50,530.606101
511.875,50,531.186519
516.287,50,531.755877
530.287,50,532.330117
390.0955,50,532.868726
476.876,50,533.42678
510.1635,50,533.972952
431.84425,50,534.524008
705.2335,50,535.092251
583.8135,50,535.657178
543.4,50,536.20319
702.995,50,536.78149
724.431,50,537.38749
570.256,50,538.006013
631.683,50,538.584752
751.55,50,539.178428
434.593,50,539.689269
483.9365,50,540.179967
529.0955,50,540.713407
574.39225,50,541.301219
470.02225,50,541.828567
612.097,50,542.426911
420.575,50,543.003447
566.5435,50,543.564454
556.61175,50,544.127814
485.926,50,544.683367
511.3945,50,545.238606
498.4,50,545.793563
560.9805,50,546.392324
479.7835,50,546.97417
473.215,50,547.530044
383.176,50,548.056287
499.517,50,548.651683
614.426,50,549.203126
513.7835,50,549.794653
711.9225,50,550.376705
409.818,50,550.975309
492.256,50,551.543393
428.335,50,552.122238
623.3085,50,552.685555
571.78025,50,553.268599
552.4715,50,555.216255
511.475,50,555.791864
503.064,50,556.282371
546.4215,50,556.823275
511.715,50,557.386624
400.2175,50,557.932504
505.204,50,558.500753
532.0765,50,559.054607
673.21,50,559.575479
380.06325,50,560.124418
538.197,50,560.66096
633.378,50,561.23862
547.695,50,561.783459
654.4565,50,562.322184
387.0715,50,562.880629
623.199,50,563.449659
601.1055,50,563.959917
663.0465,50,564.531795
395.1765,50,565.062039
690.918,50,565.65471
622.3225,50,566.209415
652.2755,50,566.829556
587.4795,50,567.422251
506.195,50,568.000594
599.5925,50,568.533295
621.835,50,569.101912
367.9225,50,569.647357
570.0825,50,570.224787
532.40375,50,570.852676
602.61,50,571.436338
386.7825,50,571.948515
540.2065,50,572.496337
492.19,50,573.087552
623.7775,50,573.645113
624.902,50,574.191987
572.7345,50,574.784367
499.9725,50,575.343676
469.44,50,575.860817
435.075,50,576.364904
599.365,50,576.934659
507.3205,50,577.478667
583.643,50,578.04648
452.03,50,578.592397
372.2285,50,579.110753
424.5335,50,579.669711
519.113,50,580.209061
620.6155,50,580.791665
625.346,50,581.372456
525.05,50,581.940091
598.487,50,582.491118
598.541,50,583.081311
665.6285,50,583.669557
578.1175,50,584.231156
314.795,50,584.784331
624.1795,50,585.364825
377.4955,50,585.89169
357.8685,50,586.407244
470.431,50,586.95839
505.151,50,587.499691
764.326,50,588.102675
671.4025,50,588.679311
610.1665,50,589.24968
587.822,50,589.811697
532.028,50,591.815742
740.6205,50,592.417779
591.4725,50,593.003006
655.9975,50,593.571052
559.58325,50,594.136275
561.5565,50,594.71401
556.5965,50,595.298857
499.2525,50,595.833193
704.539,50,596.415444
622.8205,50,596.988711
690.9475,50,597.564019
390.136,50,598.062948
353.316,50,598.587236
634.4055,50,599.13438
587.489,50,599.706013
618.537,50,600.223274
515.9615,50,600.774312
454.5005,50,601.362504
379.819,50,601.919796
632.95,50,602.458644
653.656,50,602.978709
573.1875,50,603.573006
480.472,50,604.061433
425.2285,50,604.627799
513.0745,50,605.201438
598.2505,50,605.734195
522.66,50,606.317328
620.288,50,606.889664
449.97,50,607.442939
746.724,50,608.055298
468.138,50,608.603771
442.33525,50,609.161828
433.146,50,609.700715
627.9945,50,610.290414
641.938,50,610.947037
428.787,50,611.500753
652.849,50,612.060011
686.135,50,612.629659
613.1525,50,613.160532
739.0595,50,613.745111
625.613,50,614.308861
681.655,50,614.835841
458.853,50,615.384834
605.1115,50,615.94673
612.581,50,616.513601
493.6145,50,617.067771
667.976,50,617.632406
590.398,50,618.298024
607.1785,50,618.959293
465.04,50,619.608577
524.4635,50,620.215955
486.431,50,620.790003
516.297,50,621.353724
572.334,50,621.912716
394.1405,50,622.498352
342.25525,50,623.044326
422.05675,50,623.631459
529.9775,50,624.179875
401.3335,50,624.733201
652.567,50,625.34406
324.258,50,625.926554
868.581,50,626.494352
343.0005,50,627.051014
403.97075,50,629.087293
593.753,50,629.636341
668.552,50,630.230644
343.688,50,630.817528
621.028,50,631.385244
432.049,50,631.921828
522.8705,50,632.444735
500.425,50,633.012567
544.158,50,633.552125
580.3175,50,634.120121
681.955,50,634.702861
522.1765,50,635.240555
761.3375,50,635.789835
424.0355,50,636.299296
559.713,50,636.871688
566.0735,50,637.418067
633.218,50,637.968948
627.0825,50,638.567245
544.1715,50,639.13116
526.217,50,639.681489
459.6985,50,640.216228
444.8815,50,640.764638
546.393,50,641.326666
496.3315,50,641.879823
487.9965,50,642.434975
465.4355,50,642.960742
428.045,50,643.526002
294.986,50,644.146096
478.3485,50,644.754241
512.1585,50,645.393871
648.554,50,645.974312
517.4635,50,646.546758
584.3295,50,647.120253
584.4205,50,647.687943
411.4205,50,648.248205
588.05,50,648.801156
408.5095,50,649.321536
505.8,50,649.849924
459.423,50,650.409968
436.78,50,650.963819
532.5825,50,651.484013
716.329,50,652.037082
624.0655,50,652.589105
439.7055,50,653.136889
398.858,50,653.649153
662.41,50,654.161605
485.9815,50,654.748565
541.3555,50,655.324495
577.1555,50,655.916386
616.77975,50,656.541388
572.0285,50,657.148007
439.386,50,657.731832
512.646,50,658.318008
477.0475,50,658.951228
556.6385,50,659.542686
520.853,50,660.170856
584.37925,50,660.768106
452.112,50,661.329873
370.691,50,661.842813
660.1435,50,662.417518
720.956,50,663.019673
654.1885,50,663.580853
451.5745,50,664.127549
726.893,50,666.089281
404.7905,50,666.625757
617.7295,50,667.191244
699.6425,50,667.789101
577.176,50,668.338229
627.837,50,668.895779
562.7495,50,669.450265
725.3095,50,670.05325
640.9855,50,670.638703
432.7,50,671.13848
505.063,50,671.67824
635.216,50,672.249087
681.5635,50,672.799925
822.7415,50,673.368331
489.8285,50,673.931309
476.79,50,674.436437
480.906,50,674.988319
432.8915,50,675.520091
793.351,50,676.096365
573.08475,50,676.628441
468.95575,50,677.175183
707.72,50,677.756168
698.9595,50,678.360319
551.675,50,678.921136
539.4515,50,679.415194
429.632,50,679.939959
389.541,50,680.484261
511.69025,50,681.072023
496.97575,50,681.618629
673.6385,50,682.20065
507.2415,50,682.773924
606.175,50,683.369383
524.718,50,683.935939
525.571,50,684.477159
488.121,50,685.011966
439.9705,50,685.528733
789.1885,50,686.055146
564.724,50,686.580657
439.3825,50,687.157538
468.7765,50,687.711808
565.0275,50,688.228294
594.823,50,688.760766
569.001,50,689.29066
481.069,50,689.830803
396.3395,50,690.375492
470.4535,50,690.952554
454.191,50,691.520961
626.6055,50,692.043037
562.67,50,692.602938
677.6305,50,693.248308
524.075,50,693.84058
651.8105,50,694.393257
635.927,50,694.97451
632.306,50,695.572229
462.839,50,696.149635
701.9165,50,696.73457
523.789,50,697.317399
543.4935,50,697.888014
513.8355,50,698.447845
239.6625,50,699.000621
571.4855,50,699.595431
459.771,50,700.138059
549.6,50,700.696439
450.506,50,702.616348
388.3015,50,703.123952
564.9105,50,703.670291
471.1755,50,704.189127
496.589,50,704.744457
426.6365,50,705.23291
552.2745,50,705.775854
658.6545,50,706.321489
593.8065,50,706.869939
626.2635,50,707.412128
611.1205,50,707.927797
563.0815,50,708.472793
707.27,50,709.023718
676.5355,50,709.558791
565.3215,50,710.119344
526.259,50,710.670689
558.0935,50,711.257539
666.6315,50,711.84571
440.8815,50,712.395087
495.2055,50,712.962701
692.342,50,713.511563
712.262,50,714.026286
574.782,50,714.555365
605.8205,50,715.092051
658.918,50,715.689053
525.045,50,716.268259
623.8635,50,716.850708
482.356,50,717.450206
635.6475,50,718.004446
456.5645,50,718.547095
624.046,50,719.091853
432.8795,50,719.640118
388.9815,50,720.202647
527.0015,50,720.73655
613.2435,50,721.283877
627.681,50,721.853431
630.7405,50,722.414763
683.5595,50,722.991949
385.618,50,723.509226
617.474,50,724.067741
670.647,50,724.607354
639.496,50,725.182673
756.7375,50,725.73078
441.8985,50,726.189672
501.4705,50,726.761087
381.1625,50,727.32341
498.7235,50,727.848967
443.7115,50,728.390727
532.7815,50,728.907086
561.213,50,729.459381
629.9885,50,730.021513
806.9305,50,730.598375
559.985,50,731.160638
564.1765,50,731.723372
489.56,50,732.283151
552.2915,50,732.81848
732.7755,50,733.376418
698.8565,50,733.940742
562.5195,50,734.491033
678.831,50,735.086329
716.732,50,735.647018
444.5025,50,736.214873
657.026,50,736.779228
476.6025,50,739.451948
498.915,50,740.004669
698.283,50,740.602753
511.188,50,741.143427
664.8135,50,741.713111
421.018,50,742.25629
564.54,50,742.770879
716.9405,50,743.351197
567.8115,50,743.874613
503.143,50,744.403901
659.5935,50,744.950211
518.454,50,745.48777
634.8695,50,746.04825
636.832,50,746.585686
619.5885,50,747.168215
445.302,50,747.711369
524.7175,50,748.215021
677.78675,50,748.781898
527.149,50,749.358835
515.98,50,749.955514
742.0155,50,750.518691
501.9435,50,751.064724
573.579,50,751.64055
528.178,50,752.233449
318.0725,50,752.804777
414.679,50,753.325585
705.574,50,753.894562
507.0825,50,754.449939
565.7785,50,754.976871
564.7185,50,755.560321
670.0465,50,756.133286
633.8495,50,756.712082
471.35,50,757.218102
744.7195,50,757.764047
593.4845,50,758.298207
492.1105,50,758.803737
814.668,50,759.378616
627.1305,50,759.935208
335.011,50,760.467718
610.966,50,761.025006
612.262,50,761.562939
513.4095,50,762.099228
449.3765,50,762.621887
794.51,50,763.184631
319.7435,50,763.734252
413.485,50,764.273088
547.8545,50,764.872396
447.628,50,765.434867
325.0825,50,765.949859
622.0325,50,766.522794
547.96875,50,767.101162
449.2915,50,767.670317
619.8595,50,768.239419
656.0715,50,768.813542
588.02,50,769.36912
513.223,50,769.940974
563.159,50,770.467721
604.9395,50,771.044467
514.7235,50,771.617064
482.207,50,772.165501
611.1265,50,772.705071
737.178,50,773.27888
373.2185,50,773.84591
522.68775,50,774.417049
434.544,50,774.932164
476.9755,50,775.456106
440.553,50,775.960524
452.668,50,776.47232
521.594,50,777.021432
723.6565,50,777.611588
499.2625,50,778.138822
489.4985,50,778.666713
508.923,50,779.241573
382.9435,50,779.779057
698.614,50,781.737776
578.1255,50,782.284906
481.758,50,782.825279
497.9485,50,783.397876
537.0905,50,783.922758
465.6375,50,784.485289
445.06475,50,785.030548
465.3915,50,785.589396
559.793,50,786.15223
558.2645,50,786.733871
479.4725,50,787.302785
524.0065,50,787.869441
525.32,50,788.485765
567.105,50,789.057015
537.387,50,789.59708
541.4775,50,790.156085
558.592,50,790.715232
469.19375,50,791.262572
628.184,50,791.824401
478.995,50,792.432189
322.245,50,792.981329
558.7685,50,793.542297
478.6485,50,794.078172
619.4385,50,794.610143
694.73,50,795.176108
679.592,50,795.732908
578.8075,50,796.287901
572.9465,50,796.845182
643.0635,50,797.398039
643.1035,50,797.927355
542.735,50,798.46288
557.8585,50,799.003593
453.54825,50,799.574163
356.9285,50,800.114735
456.012,50,800.687292
411.8745,50,801.226479
687.2575,50,801.796348
600.342,50,802.376329
690.6885,50,802.950088
701.964,50,803.526734
571.937,50,804.061831
564.52525,50,804.636399
434.421,50,805.164669
430.6115,50,805.729031
547.51525,50,806.262369
440.5565,50,806.799967
464.851,50,807.346696
406.164,50,807.879489
555.009,50,808.444667
522.0725,50,809.002205
526.101,50,809.573405
559.7225,50,810.11078
534.4795,50,810.616016
521.126,50,811.1588
317.0205,50,811.663076
531.947,50,812.193349
622.7535,50,812.747029
523.2965,50,813.287817
408.2265,50,813.797114
470.003,50,814.329278
734.7995,50,814.861061
629.0045,50,815.396804
526.3775,50,815.978113
680.173,50,819.032883
655.1895,50,819.594677
747.0675,50,820.173762
625.771,50,820.736611
637.518,50,821.341394
625.02,50,821.925565
563.1495,50,822.471735
508.466,50,823.049805
481.283,50,823.604114
568.0585,50,824.166274
562.88,50,824.726394
635.37,50,825.312326
630.3575,50,825.893734
389.5185,50,826.435564
483.256,50,827.004229
729.0955,50,827.572008
386.4145,50,828.083369
477.294,50,828.624555
454.1695,50,829.205426
794.144,50,829.785926
592.9095,50,830.347022
645.552,50,830.883754
583.1685,50,831.442169
630.5595,50,831.987761
569.1035,50,832.518739
671.878,50,833.07219
517.739,50,833.596023
448.283,50,834.14582
686.7215,50,834.668926
709.285,50,835.23437
392.228,50,835.789243
504.6665,50,836.340581
775.9735,50,836.933465
564.298,50,837.502976
660.097,50,838.062736
719.7615,50,838.653988
452.60625,50,839.169912
343.7675,50,839.703346
798.559,50,840.295825
572.26275,50,840.864484
317.4355,50,841.434586
582.45375,50,841.99213
521.8825,50,842.551657
372.9715,50,843.114114
564.676,50,843.67421
610.8125,50,844.218095
746.0835,50,844.807089
384.2655,50,845.357377
459.593,50,845.905959
493.445,50,846.454343
521.9405,50,847.014356
518.4515,50,847.525367
572.6825,50,848.096921
586.339,50,848.666506
507.5415,50,849.191428
388.402,50,849.731853
465.3075,50,850.258794
538.6875,50,850.808074
554.8205,50,851.386274
592.342,50,851.941017
492.0535,50,852.477956
473.9035,50,853.031128
599.485,50,853.587573
459.5815,50,855.583097
510.83625,50,856.152469
578.358,50,856.734075
476.418,50,857.303144
510.918,50,857.855841
624.924,50,858.44308
513.1585,50,859.014093
409.477,50,859.588067
494.118,50,860.09814
552.801,50,860.6335
586.263,50,861.206523
596.7455,50,861.774089
499.4835,50,862.282158
419.995,50,862.807464
450.116,50,863.347976
613.5965,50,863.915046
554.5415,50,864.503355
592.7825,50,865.063464
525.5565,50,865.637145
597.248,50,866.173463
650.702,50,866.744255
437.267,50,867.292522
417.3015,50,867.859683
551.3675,50,868.384928
551.115,50,868.974756
605.606,50,869.530056
567.826,50,870.111877
522.528,50,870.635252
469.1435,50,871.127833
604.3325,50,871.680744
537.3225,50,872.260287
488.927,50,872.800353
701.243,50,873.381842
518.8905,50,873.935346
573.694,50,874.492413
452.875,50,875.014232
593.35,50,875.562797
538.117,50,876.105741
530.4885,50,876.681963
604.9935,50,877.229805
552.71,50,877.773076
520.7675,50,878.337072
752.835,50,878.917095
537.226,50,879.431185
554.2495,50,879.989326
530.3605,50,880.54312
635.767,50,881.135437
533.9915,50,881.733134
514.3375,50,882.345222
612.676,50,882.908749
419.408,50,883.429305
660.724,50,883.977889
454.6205,50,884.500851
513.0055,50,885.046756
550.413,50,885.604777
501.343,50,886.144707
412.2845,50,886.65091
581.528,50,887.195401
830.668,50,887.767658
648.4485,50,888.343479
563.5175,50,888.948689
614.8525,50,889.557064
398.517,50,890.090197
467.46,50,892.076038
703.825,50,892.641011
350.6125,50,893.182415
626.7275,50,893.806873
435.911,50,894.369775
596.4815,50,894.943902
499.383,50,895.543524
589.54025,50,896.118143
488.7785,50,896.693093
595.1515,50,897.258561
546.12,50,897.791334
561.6205,50,898.315113
485.865,50,898.809507
666.1745,50,899.385377
401.69,50,899.890479
469.193,50,900.459111
537.949,50,901.000854
342.298,50,901.501883
537.9355,50,902.043496
719.112,50,902.604625
555.512,50,903.131632
631.695,50,903.706344
686.0515,50,904.291142
528.588,50,904.787102
530.4205,50,905.357711
618.7905,50,905.930784
566.8185,50,906.472919
528.489,50,907.004993
614.3695,50,907.566775
594.4975,50,908.136047
517.0685,50,908.704259
513.357,50,909.267991
562.82,50,909.83495
494.981,50,910.411814
565.696,50,911.00836
709.168,50,911.556006
493.992,50,912.141649
589.5315,50,912.714185
641.604,50,913.30512
386.6925,50,913.82629
629.7845,50,914.413266
469.7955,50,914.989874
436.2555,50,915.584291
629.0425,50,916.165437
618.827,50,916.737943
603.19675,50,917.295037
484.037,50,917.857904
667.8175,50,918.448006
633.7975,50,919.002477
640.621,50,919.559352
640.8955,50,920.104275
604.0495,50,920.623606
541.6295,50,921.175106
395.7495,50,921.70651
539.6715,50,922.26809
609.739,50,922.782359
621.3295,50,923.369378
467.265,50,923.884012
560.8825,50,924.41335
529.4825,50,924.967177
605.555,50,925.51686
463.319,50,926.053948
478.52575,50,926.607864
691.932,50,928.555226
664.0975,50,929.120455
506.795,50,929.693043
616.0435,50,930.265076
762.66,50,930.871618
557.8375,50,931.432278
692.10825,50,931.997621
611.2195,50,932.555001
673.4495,50,933.093659
509.1635,50,933.635805
459.6885,50,934.182523
559.3715,50,934.786297
627.765,50,935.392255
662.9805,50,935.936181
666.2195,50,936.487415
520.0175,50,937.039086
755.2145,50,937.616499
639.487,50,938.152959
508.9975,50,938.668683
461.0325,50,939.230379
457.343,50,939.767356
504.97,50,940.322863
646.2195,50,940.863341
505.756,50,941.405471
590.2825,50,941.944466
685.2945,50,942.531983
686.3165,50,943.086805
527.56,50,943.639899
422.635,50,944.190749
684.9015,50,944.755155
509.3055,50,945.309258
553.55,50,945.871936
551.5005,50,946.444898
659.795,50,947.031838
478.051,50,947.569584
359.7455,50,948.11198
305.0985,50,948.651734
457.397,50,949.216738
646.85,50,949.802407
510.439,50,950.363616
491.358,50,950.898132
581.16,50,951.426766
685.2215,50,952.004078
491.473,50,952.530958
448.284,50,953.067362
588.1725,50,953.605564
674.112,50,954.174036
572.856,50,954.726266
819.05,50,955.285454
626.024,50,955.83709
517.942,50,956.363733
440.845,50,956.904547
534.2335,50,957.489016
682.488,50,958.017098
452.888,50,958.567367
623.1195,50,959.128858
625.399,50,959.686319
473.61,50,960.206498
740.0695,50,960.782145
538.678,50,961.400345
521.9765,50,961.978781
454.733,50,962.475723
483.9965,50,964.476817
581.2815,50,965.030495
453.445,50,965.565127
448.7445,50,966.085866
510.3575,50,966.614374
535.814,50,967.168072
460.6285,50,967.729272
722.387,50,968.311712
378.574,50,968.846597
530.975,50,969.353915
610.367,50,969.939015
720.7865,50,970.522357
580.87,50,971.070898
750.141,50,971.626106
432.1425,50,972.194301
757.659,50,972.787507
508.583,50,973.372362
583.0475,50,973.906824
376.21875,50,974.439352
500.8815,50,975.009185
579.119,50,975.519536
456.7965,50,976.07835
668.6925,50,976.617074
551.1735,50,977.152333
466.16,50,977.703791
629.071,50,978.268537
404.4,50,978.805295
486.0075,50,979.334948
575.3055,50,979.920212
512.7525,50,980.473189
531.3495,50,981.027174
440.1135,50,981.588112
658.77575,50,982.186633
825.9235,50,982.75403
610.706,50,983.30445
464.8975,50,983.864692
555.14,50,984.413615
457.931,50,984.956895
589.7975,50,985.500684
632.281,50,986.096087
597.5975,50,986.675515
518.2175,50,987.233229
702.383,50,987.820763
515.059,50,988.340331
436.9705,50,988.872026
549.89175,50,989.452016
897.236,50,990.01996
507.438,50,990.554055
446.19,50,991.047172
586.71,50,991.592882
717.5295,50,992.119879
708.399,50,992.676285
469.2115,50,993.204984
591.6155,50,993.72016
730.955,50,994.239525
603.2665,50,994.803547
600.725,50,995.323001
484.2015,50,995.83663
508.774,50,996.380086
513.04,50,996.940499
757.955,50,997.525004
444.1385,50,998.075704
590.574,50,998.650604
409.7475,50,1000.48176
526.441,50,1001.029412
546.0685,50,1001.605078
411.078,50,1002.081974
586.1595,50,1002.613344
655.1195,50,1003.173664
406.888,50,1003.699003
503.2895,50,1004.228302
608.49,50,1004.761082
484.9495,50,1005.295842
492.062,50,1005.869259
576.6225,50,1006.431064
446.986,50,1006.949235
469.443,50,1007.531302
400.517,50,1008.040545
617.2955,50,1008.584018
533.628,50,1009.086735
494.527,50,1009.608811
494.821,50,1010.141912
457.7845,50,1010.688096
471.862,50,1011.198036
647.717,50,1011.755968
517.257,50,1012.303567
606.692,50,1012.857388
627.516,50,1013.435928
455.5075,50,1013.966651
506.276,50,1014.54274
672.2715,50,1015.11739
684.5495,50,1015.675696
356.4345,50,1016.180243
489.556,50,1016.740243
601.281,50,1017.275292
578.062,50,1017.825585
602.95825,50,1018.421275
440.333,50,1018.986929
572.129,50,1019.557471
388.801,50,1020.102255
448.635,50,1020.633631
408.203,50,1021.157119
552.9135,50,1021.715422
522.1985,50,1022.266638
656.471,50,1022.825698
514.689,50,1023.364679
544.60575,50,1023.920376
472.406,50,1024.530658
467.4915,50,1025.054171
691.9885,50,1025.583536
459.602,50,1026.104097
449.4115,50,1026.596679
792.7885,50,1027.152651
505.1465,50,1027.700093
613.763,50,1028.206457
487.9345,50,1028.689849
480.807,50,1029.236996
571.547,50,1029.788321
561.0,50,1030.289093
607.773,50,1030.843909
533.1875,50,1031.401619
682.227,50,1031.946135
565.2815,50,1032.47274
466.6735,50,1033.00906
686.894,50,1033.555858
437.494,50,1034.059534
402.0155,50,1035.848965
672.3885,50,1036.420794
436.402,50,1036.955505
716.8815,50,1037.505534
451.0735,50,1038.022237
430.615,50,1038.56821
512.4305,50,1039.102317
490.064,50,1039.632073
466.4295,50,1040.175271
497.7355,50,1040.727525
547.0635,50,1041.258549
543.7005,50,1041.827354
691.70225,50,1042.362896
760.98,50,1042.923632
570.4905,50,1043.449368
669.814,50,1044.011242
767.7305,50,1044.597087
588.1335,50,1045.143451
598.376,50,1045.672415
484.311,50,1046.191806
646.983,50,1046.76338
517.2655,50,1047.314397
560.554,50,1047.846056
477.287,50,1048.396412
544.3955,50,1048.939786
421.4165,50,1049.474249
337.7405,50,1049.987886
469.2445,50,1050.524821
519.873,50,1051.100575
484.5605,50,1051.621521
597.99,50,1052.159302
385.156,50,1052.738196
513.114,50,1053.270331
569.06825,50,1053.815638
777.14475,50,1054.382046
692.4465,50,1054.941077
584.828,50,1055.490595
584.6025,50,1056.078239
396.1925,50,1056.611777
448.6065,50,1057.171847
482.3575,50,1057.725729
531.7975,50,1058.272799
576.5705,50,1058.853107
538.9145,50,1059.41547
580.183,50,1059.988028
591.795,50,1060.524718
558.27,50,1061.057074
640.073,50,1061.599498
765.972,50,1062.154231
481.374,50,1062.705443
457.0235,50,1063.228549
462.9565,50,1063.756554
422.6275,50,1064.266371
804.995,50,1064.795473
538.11025,50,1065.3386
568.493,50,1065.86572
648.9165,50,1066.40949
566.0875,50,1066.972868
567.492,50,1067.532132
565.145,50,1068.03803
465.6415,50,1068.579668
444.441,50,1069.097401
294.797,50,1069.608758
718.7655,50,1071.448064
612.09025,50,1072.019098
677.816,50,1072.577353
641.5875,50,1073.15981
439.7785,50,1073.684855
571.15,50,1074.237888
565.85075,50,1074.815262
343.6765,50,1075.308258
654.08,50,1075.880225
554.434,50,1076.451528
465.925,50,1076.98625
442.661,50,1077.513236
491.23725,50,1078.048867
572.3085,50,1078.613598
598.8055,50,1079.161983
463.918,50,1079.689546
398.8535,50,1080.240323
536.1745,50,1080.763833
464.259,50,1081.283144
659.6455,50,1081.837409
467.1195,50,1082.35508
574.994,50,1082.909796
468.56,50,1083.431469
537.436,50,1083.973269
513.765,50,1084.489517
502.075,50,1085.049561
507.702,50,1085.572309
505.344,50,1086.10491
470.0865,50,1086.62842
368.488,50,1087.15714
276.223,50,1087.649179
641.2555,50,1088.193856
713.33925,50,1088.797746
565.2095,50,1089.382316
645.8745,50,1089.955076
667.0015,50,1090.506641
527.59175,50,1091.068985
760.5405,50,1091.661382
549.627,50,1092.149119
563.9725,50,1092.717624
539.607,50,1093.273766
586.0085,50,1093.844894
473.213,50,1094.338633
584.1095,50,1094.898905
284.93,50,1095.419464
368.491,50,1095.949579
521.424,50,1096.530354
717.258,50,1097.09413
592.7465,50,1097.604383
706.4645,50,1098.141242
413.311,50,1098.68313
613.6055,50,1099.253658
761.7555,50,1099.79795
640.842,50,1100.351682
390.104,50,1100.844272
427.5135,50,1101.396329
414.651,50,1101.911747
368.101,50,1102.451249
468.2065,50,1103.010825
510.327,50,1103.530889
761.1615,50,1104.109559
506.425,50,1104.6818
664.21,50,1105.273403
400.6285,50,1107.083496
463.6395,50,1107.632266
532.356,50,1108.134537
580.99625,50,1108.685667
663.853,50,1109.250936
445.5365,50,1109.789932
461.0635,50,1110.360069
358.523,50,1110.880067
672.5265,50,1111.453588
510.341,50,1112.01763
480.9005,50,1112.56328
426.6995,50,1113.126884
673.171,50,1113.697953
759.208,50,1114.248102
522.242,50,1114.801413
549.72,50,1115.357381
532.9085,50,1115.901119
616.817,50,1116.456605
393.58375,50,1116.971172
589.7505,50,1117.536274
569.729,50,1118.033465
687.325,50,1118.581362
757.5895,50,1119.146873
439.4495,50,1119.682889
609.577,50,1120.244599
701.077,50,1120.793608
490.3845,50,1121.341396
572.49875,50,1121.921528
620.629,50,1122.48727
553.4765,50,1123.03654
471.3585,50,1123.600364
653.76825,50,1124.168474
490.683,50,1124.731899
495.7735,50,1125.241853
306.964,50,1125.783453
601.402,50,1126.288167
535.38,50,1126.852725
579.063,50,1127.447613
744.576,50,1128.044532
503.9755,50,1128.650904
503.0185,50,1129.161358
593.13,50,1129.697535
557.572,50,1130.244277
559.6235,50,1130.765506
631.9585,50,1131.311713
676.662,50,1131.891173
532.0595,50,1132.447461
458.98,50,1132.960359
503.7255,50,1133.517668
516.143,50,1134.054889
445.97525,50,1134.583657
635.4785,50,1135.143281
519.2895,50,1135.656785
509.0405,50,1136.193862
500.5335,50,1136.760885
632.7205,50,1137.315809
539.3645,50,1137.813865
529.293,50,1138.362252
439.0425,50,1138.890377
683.3195,50,1139.464593
531.9015,50,1140.028428
340.514,50,1140.540907
564.536,50,1141.110549
357.05975,50,1143.004248
409.0925,50,1143.53546
508.903,50,1144.079736
499.43,50,1144.680332
410.8825,50,1145.216434
534.594,50,1145.816262
476.49,50,1146.363662
583.2235,50,1146.902209
676.0245,50,1147.445457
684.368,50,1147.983722
618.8845,50,1148.560862
623.996,50,1149.113624
465.778,50,1149.624429
499.689,50,1150.179744
433.8865,50,1150.675602
565.5635,50,1151.222815
597.9555,50,1151.749012
741.4915,50,1152.302755
551.074,50,1152.837603
428.3055,50,1153.377234
587.875,50,1153.931386
651.7015,50,1154.505333
599.6565,50,1155.066662
311.58325,50,1155.608301
577.0345,50,1156.163966
780.6205,50,1156.773025
483.575,50,1157.290509
580.5265,50,1157.814023
544.0085,50,1158.381632
517.8375,50,1158.933683
622.73175,50,1159.458267
566.0455,50,1160.017806
539.45,50,1160.569445
598.768,50,1161.123044
664.5475,50,1161.697543
491.0365,50,1162.214679
493.212,50,1162.766922
603.116,50,1163.317566
405.7845,50,1163.879577
752.408,50,1164.394277
509.6205,50,1164.896989
453.325,50,1165.441613
603.911,50,1165.989132
643.286,50,1166.468763
557.06,50,1167.035184
445.3115,50,1167.493893
549.9285,50,1168.051968
546.565,50,1168.60112
429.5285,50,1169.139159
427.6815,50,1169.658306
492.035,50,1170.166693
661.356,50,1170.713129
555.1945,50,1171.201658
525.282,50,1171.769901
564.4465,50,1172.317391
430.5,50,1172.872549
696.505,50,1173.48015
561.91775,50,1174.027487
389.071,50,1174.539083
698.683,50,1175.094748
559.1985,50,1175.67652
541.2805,50,1176.22174
719.931,50,1176.793427
519.098,50,1179.164839
603.2005,50,1179.727142
410.5355,50,1180.193523
466.595,50,1180.718595
470.327,50,1181.250834
552.2345,50,1181.823358
570.004,50,1182.39911
433.8255,50,1182.880499
540.02425,50,1183.430291
558.158,50,1184.001808
471.7075,50,1184.540627
470.2415,50,1185.071321
518.4315,50,1185.582013
639.587,50,1186.106451
581.5975,50,1186.648737
560.1635,50,1187.205437
362.9645,50,1187.743739
653.5935,50,1188.338336
570.431,50,1188.835567
764.7365,50,1189.361363
710.4325,50,1189.892838
456.6775,50,1190.432416
592.638,50,1190.989517
565.547,50,1191.556308
494.806,50,1192.122502
591.1195,50,1192.630491
412.433,50,1193.102737
483.167,50,1193.650032
507.864,50,1194.181469
653.203,50,1194.726746
628.8235,50,1195.265034
665.421,50,1195.859303
593.167,50,1196.406484
402.1565,50,1196.950811
444.6615,50,1197.552241
677.2935,50,1198.134349
596.9955,50,1198.695534
431.4125,50,1199.28452
315.8535,50,1199.807911
386.6875,50,1200.310124
420.6055,50,1200.851381
604.423,50,1201.396054
591.2625,50,1201.950691
581.404,50,1202.474434
672.555,50,1203.052905
541.8185,50,1203.597136
471.0885,50,1204.137177
603.621,50,1204.657384
469.25,50,1205.174936
486.264,50,1205.711586
580.943,50,1206.196935
539.5235,50,1206.752686
617.32925,50,1207.327478
509.1215,50,1207.911941
323.845,50,1208.476259
625.714,50,1209.050299
344.5115,50,1209.579035
541.071,50,1210.132149
461.1575,50,1210.668832
522.7045,50,1211.217183
514.7465,50,1211.77028
537.6315,50,1212.318455
542.6655,50,1212.919508
564.9705,50,1214.819278
527.7945,50,1215.403652
547.178,50,1215.955237
674.4045,50,1216.53705
738.1925,50,1217.133593
514.9885,50,1217.684035
532.946,50,1218.217873
582.1915,50,1218.766412
605.07,50,1219.330937
545.939,50,1219.880785
571.0255,50,1220.417907
666.418,50,1221.004239
396.218,50,1221.528524
454.363,50,1222.046943
706.2385,50,1222.597069
452.5175,50,1223.110875
658.9855,50,1223.693103
749.3215,50,1224.224455
504.887,50,1224.78562
512.777,50,1225.317245
402.711,50,1225.859244
526.1395,50,1226.396077
532.845,50,1226.961682
352.32175,50,1227.498631
568.343,50,1228.054885
714.963,50,1228.602887
489.6925,50,1229.094901
521.5935,50,1229.648846
469.8145,50,1230.234258
614.0635,50,1230.765135
583.548,50,1231.323897
622.4445,50,1231.879046
633.267,50,1232.437433
769.9595,50,1233.016
681.5125,50,1233.594541
551.3775,50,1234.129214
559.636,50,1234.717583
494.341,50,1235.274521
739.9195,50,1235.879377
400.605,50,1236.413632
494.325,50,1236.947491
496.861,50,1237.439548
586.54,50,1237.976321
528.231,50,1238.482914
500.8435,50,1238.995908
461.576,50,1239.537827
502.8905,50,1240.065883
467.3775,50,1240.580632
689.5825,50,1241.127142
620.5385,50,1241.700044
454.0895,50,1242.24869
491.916,50,1242.803974
506.5005,50,1243.353384
452.3085,50,1243.886665
539.446,50,1244.418167
421.648,50,1244.972922
599.7295,50,1245.524361
462.778,50,1246.034421
643.6595,50,1246.59764
484.856,50,1247.155843
591.4535,50,1247.723951
499.0295,50,1248.232113
592.64,50,1248.757155
407.0895,50,1250.647488
699.4835,50,1251.265615
549.081,50,1251.857935
488.639,50,1252.432411
609.895,50,1252.969077
582.3875,50,1253.512942
472.0475,50,1254.051637
504.653,50,1254.570644
522.9425,50,1255.115352
444.328,50,1255.637568
442.5575,50,1256.192292
731.8725,50,1256.756125
616.141,50,1257.305242
636.5345,50,1257.853919
545.275,50,1258.404113
549.9505,50,1258.936591
515.1445,50,1259.456992
719.234,50,1259.995202
637.3135,50,1260.528752
426.5125,50,1261.104068
681.071,50,1261.651276
397.084,50,1262.183556
586.959,50,1262.740965
512.9585,50,1263.269387
503.2445,50,1263.833724
622.979,50,1264.420698
618.499,50,1264.982118
487.844,50,1265.507974
738.012,50,1266.097036
484.2635,50,1266.605202
742.8305,50,1267.199599
645.3125,50,1267.761879
564.1115,50,1268.281625
326.1785,50,1268.814346
627.538,50,1269.364919
781.248,50,1269.916846
352.955,50,1270.444853
518.391,50,1270.972698
538.4225,50,1271.484103
569.528,50,1272.019135
577.5655,50,1272.521836
580.6785,50,1273.06089
567.353,50,1273.595517
609.6445,50,1274.169887
658.59,50,1274.679918
664.5945,50,1275.230595
574.421,50,1275.789676
498.29925,50,1276.330671
651.384,50,1276.895645
590.685,50,1277.475963
524.9415,50,1278.043505
546.956,50,1278.5859
362.985,50,1279.10317
583.6485,50,1279.681732
569.1815,50,1280.259161
843.7335,50,1280.857864
471.885,50,1281.436616
474.42,50,1281.968994
363.7135,50,1282.49565
436.829,50,1283.043968
591.506,50,1283.620675
731.07,50,1284.173562
717.4515,50,1284.762335
477.28325,50,1286.621624
707.5895,50,1287.197635
501.129,50,1287.74492
674.6005,50,1288.310595
590.32175,50,1288.890317
638.097,50,1289.472305
470.855,50,1290.048753
409.8,50,1290.587166
492.0735,50,1291.122555
591.8095,50,1291.67181
444.8645,50,1292.176359
579.294,50,1292.691172
481.5755,50,1293.200767
594.281,50,1293.741343
563.7825,50,1294.306179
480.3225,50,1294.834481
524.9865,50,1295.37762
565.521,50,1295.946013
837.9785,50,1296.536909
735.1855,50,1297.111265
505.424,50,1297.664521
665.7865,50,1298.204505
592.292,50,1298.742715
486.2565,50,1299.278296
494.25625,50,1299.851114
673.8855,50,1300.42627
483.7435,50,1300.974076
537.1055,50,1301.520466
479.378,50,1302.033067
556.35,50,1302.571711
681.6015,50,1303.121101
669.104,50,1303.659483
726.307,50,1304.225629
576.952,50,1304.797001
648.492,50,1305.380206
662.2845,50,1305.957819
587.426,50,1306.483082
470.6465,50,1307.033826
543.4885,50,1307.57674
579.3795,50,1308.11697
473.4335,50,1308.676998
539.6975,50,1309.226755
467.7155,50,1309.744222
578.5595,50,1310.273102
497.639,50,1310.826181
667.6375,50,1311.363702
530.0435,50,1311.865129
534.0605,50,1312.435946
603.604,50,1313.002928
486.6935,50,1313.553037
575.521,50,1314.069118
376.9645,50,1314.599468
531.2695,50,1315.151328
531.5455,50,1315.66786
469.5325,50,1316.200875
478.8845,50,1316.732384
437.227,50,1317.256978
401.209,50,1317.787515
470.285,50,1318.342499
633.5935,50,1318.932516
604.1825,50,1319.494462
437.178,50,1320.023225
768.1965,50,1320.605254
738.1855,50,1322.47177
586.165,50,1322.98786
493.993,50,1323.539745
526.1695,50,1324.071972
442.9655,50,1324.588896
548.397,50,1325.150954
727.2075,50,1325.727809
586.904,50,1326.27665
547.6395,50,1326.792334
494.988,50,1327.296733
531.832,50,1327.788753
490.9015,50,1328.324924
498.5995,50,1328.883608
391.792,50,1329.430807
589.6665,50,1329.958722
469.5075,50,1330.479598
609.8275,50,1331.01408
662.707,50,1331.600003
549.8975,50,1332.174063
719.4575,50,1332.773545
496.919,50,1333.311065
618.634,50,1333.848581
474.751,50,1334.380641
705.2435,50,1334.924582
785.771,50,1335.524838
546.821,50,1336.047888
648.06075,50,1336.596628
346.203,50,1337.158504
558.0685,50,1337.671208
609.4425,50,1338.22111
528.9935,50,1338.810815
382.25525,50,1339.368136
536.382,50,1339.948247
420.909,50,1340.506098
740.995,50,1341.086846
570.3635,50,1341.646532
536.18,50,1342.190163
425.5365,50,1342.703169
607.434,50,1343.201279
518.9405,50,1343.738563
536.9115,50,1344.283442
866.8375,50,1344.852461
469.722,50,1345.349638
595.6175,50,1345.908284
535.368,50,1346.419786
472.941,50,1346.896326
514.905,50,1347.423955
673.087,50,1347.997895
604.1615,50,1348.583226
580.22,50,1349.141474
584.3405,50,1349.70848
533.3155,50,1350.249394
731.505,50,1350.828356
288.67075,50,1351.401996
476.9055,50,1351.944009
451.4235,50,1352.509496
542.947,50,1353.051122
468.1805,50,1353.623858
616.14,50,1354.194607
515.077,50,1354.729887
604.2955,50,1355.278676
619.273,50,1355.87021
716.797,50,1356.430667
467.506,50,1358.311322
467.0405,50,1358.845115
610.069,50,1359.416845
496.44,50,1359.975242
558.2735,50,1360.488764
449.341,50,1360.985189
551.892,50,1361.53219
655.8775,50,1362.096368
407.187,50,1362.613798
507.70375,50,1363.165611
757.3945,50,1363.738811
428.3715,50,1364.230593
662.93,50,1364.802831
423.882,50,1365.347451
611.72825,50,1365.848952
582.0835,50,1366.413516
518.551,50,1366.980783
417.3615,50,1367.531573
537.8535,50,1368.094586
641.8215,50,1368.69891
642.0595,50,1369.253205
420.9745,50,1369.785422
425.027,50,1370.351257
365.276,50,1370.899243
516.538,50,1371.474225
529.4255,50,1372.016152
476.4855,50,1372.557231
472.248,50,1373.08345
457.734,50,1373.684824
626.7365,50,1374.237342
553.286,50,1374.804919
496.5725,50,1375.296799
677.4675,50,1375.872002
654.1795,50,1376.42932
516.845,50,1376.992578
540.295,50,1377.5328
498.6945,50,1378.050089
422.1575,50,1378.555068
454.364,50,1379.105782
436.7135,50,1379.603177
772.7625,50,1380.174506
726.9335,50,1380.750618
485.8775,50,1381.281811
441.0085,50,1381.82143
636.3825,50,1382.387167
648.9765,50,1382.942323
397.219,50,1383.428699
783.6795,50,1384.041703
472.2305,50,1384.573896
435.1775,50,1385.105964
556.558,50,1385.638917
558.9915,50,1386.171675
568.746,50,1386.725369
517.915,50,1387.312649
478.8555,50,1387.859362
498.5365,50,1388.436206
497.238,50,1388.991224
551.5055,50,1389.549395
657.686,50,1390.147658
528.0385,50,1390.690769
585.6865,50,1391.255777
640.234,50,1391.807706
524.7155,50,1392.349326
804.379,50,1394.176683
462.88875,50,1394.715456
660.8055,50,1395.29147
593.04525,50,1395.844042
379.6725,50,1396.354491
581.7975,50,1396.889483
628.8885,50,1397.455728
411.15125,50,1397.9555
420.92,50,1398.51219
564.984,50,1399.0631
571.3285,50,1399.582492
691.66,50,1400.158655
616.4765,50,1400.687333
527.55,50,1401.197798
523.809,50,1401.720971
490.0205,50,1402.285488
819.724,50,1402.870028
402.155,50,1403.398069
658.2345,50,1403.961478
611.6585,50,1404.519862
740.5775,50,1405.081136
619.663,50,1405.644575
484.548,50,1406.177549
651.9995,50,1406.784745
556.799,50,1407.399871
558.337,50,1407.960871
535.5395,50,1408.502549
362.89225,50,1409.012691
550.674,50,1409.550492
578.94,50,1410.081641
591.395,50,1410.621798
489.6025,50,1411.170066
456.909,50,1411.726057
526.2695,50,1412.272168
395.923,50,1412.815642
437.6555,50,1413.328218
368.536,50,1413.857006
464.69,50,1414.390611
572.23,50,1414.894905
525.133,50,1415.400978
470.586,50,1415.954884
391.4345,50,1416.501985
744.0425,50,1417.06712
537.3615,50,1417.599853
436.0815,50,1418.121427
572.374,50,1418.643193
446.132,50,1419.179422
415.5725,50,1419.710432
455.968,50,1420.257257
773.664,50,1420.816052
480.728,50,1421.351763
558.492,50,1421.884355
471.75,50,1422.441333
330.6905,50,1422.998807
604.795,50,1423.544518
661.40025,50,1424.136877
444.8825,50,1424.621644
421.91875,50,1425.110548
596.02775,50,1425.685624
526.731,50,1426.259423
349.518,50,1426.770188
565.7875,50,1427.322003
514.919,50,1427.863006
541.7205,50,1429.727266
429.2465,50,1430.264938
425.9045,50,1430.832268
670.7055,50,1431.398319
725.0245,50,1431.928607
489.561,50,1432.440352
485.66125,50,1432.91655
421.335,50,1433.409096
492.2545,50,1433.96513
632.9335,50,1434.508803
707.417,50,1435.072638
728.9465,50,1435.633626
474.5805,50,1436.15676
565.878,50,1436.716119
493.24025,50,1437.268651
550.622,50,1437.789352
543.88325,50,1438.321266
669.7005,50,1438.886739
593.90925,50,1439.451079
454.4895,50,1440.017576
505.683,50,1440.58591
363.1865,50,1441.077646
598.407,50,1441.654135
590.625,50,1442.225245
517.9565,50,1442.797664
599.327,50,1443.367413
645.7715,50,1443.933564
743.892,50,1444.500078
364.85425,50,1445.027918
513.341,50,1445.602419
510.2455,50,1446.164876
397.5285,50,1446.705638
733.7395,50,1447.325282
578.5315,50,1447.922156
515.5825,50,1448.465325
527.8695,50,1448.947934
622.256,50,1449.47026
463.6225,50,1449.977409
597.5895,50,1450.534742
600.651,50,1451.050515
564.7675,50,1451.598335
575.295,50,1452.09326
492.8625,50,1452.61536
667.858,50,1453.17351
444.5735,50,1453.682468
737.8075,50,1454.226892
454.0295,50,1454.781664
591.633,50,1455.326925
498.3005,50,1455.867788
530.612,50,1456.422752
578.375,50,1456.993479
719.761,50,1457.577948
584.225,50,1458.099578
561.225,50,1458.647535
614.252,50,1459.220591
664.937,50,1459.796565
533.0945,50,1460.361165
490.3675,50,1460.914324
516.9285,50,1461.527072
379.2115,50,1462.039695
628.1045,50,1462.578782
477.1665,50,1463.12995
486.1305,50,1463.633897
440.47325,50,1465.523888
453.3135,50,1466.077017
513.1875,50,1466.584101
290.8205,50,1467.131135
583.9375,50,1467.661891
515.24,50,1468.143296
414.6755,50,1468.667386
416.8455,50,1469.183414
496.149,50,1469.678112
439.2865,50,1470.218541
633.3245,50,1470.770409
340.6155,50,1471.260804
435.658,50,1471.72067
454.691,50,1472.255918
647.428,50,1472.832846
573.4415,50,1473.411299
590.6315,50,1473.950651
360.1555,50,1474.513451
566.9575,50,1475.02921
572.664,50,1475.575503
525.032,50,1476.115634
728.326,50,1476.679254
517.386,50,1477.214146
578.97,50,1477.729356
368.991,50,1478.254703
521.2325,50,1478.781772
530.7765,50,1479.328083
730.527,50,1479.909101
518.917,50,1480.499984
457.505,50,1481.024789
673.6285,50,1481.608397
765.43,50,1482.202623
547.642,50,1482.746689
760.113,50,1483.328069
651.3565,50,1483.835009
461.697,50,1484.338222
494.3595,50,1484.886278
593.659,50,1485.417505
532.841,50,1485.941649
486.741,50,1486.465368
431.1605,50,1486.985514
487.139,50,1487.491923
556.8395,50,1488.025749
552.131,50,1488.544041
591.531,50,1489.126701
614.2065,50,1489.700976
791.681,50,1490.279326
599.694,50,1490.864533
442.651,50,1491.397299
462.768,50,1491.945157
679.59,50,1492.533301
539.344,50,1493.045265
536.3625,50,1493.599899
508.1575,50,1494.113128
730.616,50,1494.68278
512.362,50,1495.231721
465.5325,50,1495.769151
461.31,50,1496.285642
583.1715,50,1496.859369
451.386,50,1497.41895
684.334,50,1497.975408
505.94,50,1498.542433
503.23,50,1499.031076
368.7345,50,1500.863717
540.747,50,1501.367865
637.277,50,1501.913517
795.2675,50,1502.461143
490.9875,50,1503.00247
346.9195,50,1503.515742
538.187,50,1504.070293
684.4315,50,1504.622363
489.979,50,1505.148892
645.036,50,1505.691275
685.4305,50,1506.228891
511.6435,50,1506.784004
533.424,50,1507.324918
385.765,50,1507.827962
649.9185,50,1508.39179
700.163,50,1508.972032
561.696,50,1509.554583
592.037,50,1510.151973
660.4325,50,1510.703716
580.2105,50,1511.28322
577.112,50,1511.851622
435.1205,50,1512.43661
478.144,50,1512.967647
513.544,50,1513.524241
358.497,50,1514.045233
488.0205,50,1514.603417
507.44025,50,1515.155879
631.4945,50,1515.709344
496.057,50,1516.24683
570.684,50,1516.797542
499.6945,50,1517.309186
410.263,50,1517.890104
508.922,50,1518.445455
667.727,50,1518.946388
698.487,50,1519.487107
421.4615,50,1520.047105
601.2635,50,1520.578713
511.3855,50,1521.100099
721.684,50,1521.644591
513.87,50,1522.223329
370.4605,50,1522.732368
345.5485,50,1523.248402
402.4055,50,1523.789955
481.314,50,1524.318949
482.789,50,1524.927907
650.735,50,1525.512922
625.599,50,1526.049036
631.234,50,1526.628423
621.464,50,1527.178349
599.1315,50,1527.722622
517.403,50,1528.272522
745.1165,50,1528.851793
476.6335,50,1529.398381
624.6355,50,1529.956376
624.3285,50,1530.541891
510.6955,50,1531.068536
677.004,50,1531.645787
370.2645,50,1532.119465
571.554,50,1532.671858
528.0525,50,1533.202046
624.51125,50,1533.786654
591.25,50,1534.276073
762.264,50,1534.829876
563.1955,50,1535.406533
589.9705,50,1535.948366
589.912,50,1536.493188
617.8675,50,1537.02967
740.1105,50,1537.568686
598.3935,50,1538.106921
409.6505,50,1538.683494
592.64975,50,1539.233186
534.7795,50,1539.738933
580.0055,50,1540.230103
616.943,50,1540.727936
482.4095,50,1542.586816
763.432,50,1543.119846
434.822,50,1543.681719
859.1765,50,1544.27268
556.7225,50,1544.823924
604.9475,50,1545.359025
576.333,50,1545.892314
630.3275,50,1546.436077
384.417,50,1546.99532
777.4495,50,1547.566337
510.4625,50,1548.096993
635.09,50,1548.618076
687.4005,50,1549.199655
558.04125,50,1549.770867
362.8775,50,1550.298153
662.1255,50,1550.837794
597.2615,50,1551.374255
385.1895,50,1551.91405
580.5,50,1552.476403
533.957,50,1553.04864
478.367,50,1553.596198
442.0775,50,1554.068436
620.97,50,1554.620239
686.5065,50,1555.153212
697.1375,50,1555.729182
443.5845,50,1556.230764
540.0875,50,1556.812938
582.4035,50,1557.323992
720.0545,50,1557.865764
667.363,50,1558.43781
346.447,50,1558.981065
551.5405,50,1559.55286
462.133,50,1560.095293
670.6375,50,1560.643719
612.8045,50,1561.172074
492.4765,50,1561.648052
566.0385,50,1562.24496
802.0865,50,1562.823484
534.7285,50,1563.360197
553.8495,50,1563.918113
636.484,50,1564.526649
491.06,50,1565.087475
534.516,50,1565.644313
523.2075,50,1566.193943
387.5375,50,1566.730074
587.4585,50,1567.320005
495.606,50,1567.864932
756.511,50,1568.409272
558.016,50,1568.959598
611.36175,50,1569.516797
608.568,50,1570.103637
298.3085,50,1570.636852
652.401,50,1571.179078
621.2245,50,1571.745025
578.5215,50,1572.302298
480.062,50,1572.837712
650.758,50,1573.380746
702.6295,50,1573.916466
398.3005,50,1574.462712
621.6155,50,1574.979339
515.4075,50,1575.477525
607.843,50,1576.045641
428.5125,50,1576.62014
442.525,50,1578.768075
618.588,50,1579.365142
572.8875,50,1579.976053
527.26325,50,1580.537811
628.313,50,1581.130289
702.516,50,1581.702142
518.1425,50,1582.270228
472.446,50,1582.800256
633.037,50,1583.395279
654.8185,50,1583.932641
401.633,50,1584.488295
378.246,50,1584.997633
562.901,50,1585.574318
503.92075,50,1586.127308
614.0565,50,1586.662522
778.7105,50,1587.234244
546.8545,50,1587.757249
499.316,50,1588.297549
581.298,50,1588.806703
716.473,50,1589.364142
584.532,50,1589.894848
511.6605,50,1590.441747
370.742,50,1590.930955
635.6915,50,1591.477805
467.507,50,1591.957271
503.127,50,1592.507668
515.459,50,1593.071765
574.326,50,1593.584906
557.3475,50,1594.130881
463.1375,50,1594.663998
493.9305,50,1595.210237
538.84,50,1595.795293
615.123,50,1596.269584
500.7685,50,1596.821508
692.9795,50,1597.397262
638.1445,50,1597.966985
698.45,50,1598.536059
454.706,50,1599.055219
466.0875,50,1599.617841
654.947,50,1600.177865
617.8645,50,1600.764466
516.442,50,1601.331969
594.484,50,1601.899767
708.236,50,1602.503716
622.1525,50,1603.062631
472.8105,50,1603.667309
595.409,50,1604.271953
344.19,50,1604.807783
624.439,50,1605.363725
423.30825,50,1605.885223
615.9035,50,1606.445767
629.5365,50,1607.001194
537.546,50,1607.475704
574.594,50,1608.026458
404.997,50,1608.51669
590.1945,50,1609.034235
573.54975,50,1609.587994
476.0405,50,1610.113107
590.9625,50,1610.670094
486.363,50,1611.239116
738.192,50,1611.797287
431.873,50,1612.342437
473.7585,50,1612.921984
552.5335,50,1614.795881
456.5875,50,1615.359529
613.897,50,1615.952704
485.8965,50,1616.50552
595.0065,50,1617.076322
530.1725,50,1617.623922
456.29,50,1618.1638
562.089,50,1618.7077
430.9365,50,1619.254603
503.5075,50,1619.800454
577.549,50,1620.385403
690.51,50,1620.934528
478.93,50,1621.466481
556.8735,50,1622.026713
498.1975,50,1622.549611
456.2955,50,1623.075715
512.236,50,1623.666355
824.9065,50,1624.255091
495.501,50,1624.817814
505.5925,50,1625.349015
543.5645,50,1625.883105
594.382,50,1626.437001
493.143,50,1626.997643
522.535,50,1627.557212
566.3915,50,1628.068274
781.9245,50,1628.634318
789.7095,50,1629.160002
499.1155,50,1629.693236
274.9545,50,1630.215529
427.4225,50,1630.757052
793.94,50,1631.353933
493.836,50,1631.897307
470.22925,50,1632.516479
608.6515,50,1633.096535
481.7195,50,1633.67319
321.025,50,1634.181747
483.3335,50,1634.692584
652.121,50,1635.253389
430.9545,50,1635.830177
675.448,50,1636.370145
584.6845,50,1636.926017
369.249,50,1637.404169
544.621,50,1637.89699
685.2565,50,1638.472428
534.357,50,1639.035724
791.119,50,1639.608548
444.06775,50,1640.173426
598.0385,50,1640.722342
318.6855,50,1641.23809
486.621,50,1641.763199
524.921,50,1642.31416
310.1955,50,1642.835137
542.919,50,1643.401325
550.985,50,1643.924506
553.5645,50,1644.483902
519.946,50,1645.035855
469.479,50,1645.572639
410.4545,50,1646.123142
579.1665,50,1646.661123
530.7725,50,1647.211357
559.7845,50,1647.771573
410.516,50,1648.326338
560.4995,50,1648.892557
469.5375,50,1650.776714
429.8105,50,1651.30866
581.946,50,1651.853796
740.4685,50,1652.448921
603.974,50,1653.037252
522.125,50,1653.578014
772.4335,50,1654.176905
482.034,50,1654.722939
616.944,50,1655.275605
462.071,50,1655.854988
551.8615,50,1656.406344
417.1275,50,1656.930982
333.311,50,1657.413672
708.63525,50,1657.953373
621.4125,50,1658.501801
505.1185,50,1659.057135
342.8845,50,1659.527186
455.519,50,1660.073325
698.9285,50,1660.631729
591.9175,50,1661.152942
604.8685,50,1661.705763
483.3185,50,1662.237632
481.879,50,1662.787034
566.604,50,1663.307009
473.8105,50,1663.868428
501.4405,50,1664.430565
530.5515,50,1665.002399
686.9705,50,1665.581077
473.609,50,1666.107312
438.385,50,1666.642349
273.7525,50,1667.120572
696.382,50,1667.725972
550.6935,50,1668.264851
791.7895,50,1668.815461
531.3735,50,1669.339492
492.6255,50,1669.884623
552.2295,50,1670.423592
328.2585,50,1670.918377
400.0685,50,1671.455613
336.46475,50,1671.972155
545.6835,50,1672.512255
462.972,50,1673.033117
494.298,50,1673.538989
713.2605,50,1674.09352
511.7605,50,1674.633664
526.386,50,1675.183799
568.6045,50,1675.709755
511.325,50,1676.305041
543.7605,50,1676.857357
458.069,50,1677.385603
494.314,50,1677.897177
374.8935,50,1678.408391
520.978,50,1678.935758
743.9125,50,1679.482298
783.616,50,1680.077801
529.0365,50,1680.603006
445.5495,50,1681.146269
359.9085,50,1681.683824
596.0385,50,1682.238231
712.8335,50,1682.831794
488.016,50,1683.434114
592.1315,50,1684.03307
321.9985,50,1684.566436
535.2665,50,1686.463448
546.6015,50,1687.034311
568.203,50,1687.598242
560.9105,50,1688.147968
451.877,50,1688.677295
581.2335,50,1689.245205
612.628,50,1689.763021
555.46,50,1690.307842
566.312,50,1690.847849
498.9595,50,1691.392455
506.07425,50,1691.947815
333.351,50,1692.46228
646.3715,50,1693.033542
509.0525,50,1693.579223
566.7785,50,1694.117686
403.2605,50,1694.665396
482.746,50,1695.202393
463.777,50,1695.738399
609.002,50,1696.286668
536.115,50,1696.799078
458.6585,50,1697.28863
666.0265,50,1697.840485
526.839,50,1698.363884
593.942,50,1698.899389
603.049,50,1699.443993
540.82,50,1699.983715
534.642,50,1700.529404
436.8145,50,1701.088976
435.9845,50,1701.596954
536.925,50,1702.109383
530.503,50,1702.663266
640.2315,50,1703.189766
755.323,50,1703.761479
478.67,50,1704.32471
570.1965,50,1704.871553
529.2825,50,1705.411939
632.7865,50,1705.985678
474.1515,50,1706.526352
554.3105,50,1707.084265
455.3605,50,1707.569659
574.831,50,1708.149833
481.4485,50,1708.682126
639.3145,50,1709.280983
362.531,50,1709.863713
432.4335,50,1710.405013
665.4755,50,1710.979926
515.9645,50,1711.468856
566.795,50,1712.021793
417.0745,50,1712.530694
613.6265,50,1713.054823
631.1565,50,1713.583893
611.6805,50,1714.162145
477.055,50,1714.69419
716.2135,50,1715.225433
739.296,50,1715.793618
501.352,50,1716.321633
551.071,50,1716.88448
521.154,50,1717.436331
554.011,50,1717.993063
480.8445,50,1718.558778
615.6695,50,1719.082521
578.996,50,1719.640298
438.5955,50,1720.176459
620.8325,50,1722.08461
539.761,50,1722.676469
557.764,50,1723.23006
538.6765,50,1723.754746
505.0715,50,1724.332776
677.713,50,1724.917892
326.628,50,1725.395665
547.8975,50,1725.977303
673.9725,50,1726.526995
450.405,50,1727.057047
470.46575,50,1727.596433
407.66,50,1728.113122
424.4995,50,1728.673186
653.7405,50,1729.280166
499.35,50,1729.8176
597.0625,50,1730.319609
439.2625,50,1730.849272
506.898,50,1731.350718
491.867,50,1731.848638
558.0185,50,1732.374803
331.125,50,1732.865913
624.038,50,1733.396436
457.427,50,1733.896848
634.0255,50,1734.461427
509.0525,50,1735.00333
527.3845,50,1735.529636
371.3455,50,1736.058064
546.312,50,1736.566877
721.5665,50,1737.11001
578.605,50,1737.645539
472.399,50,1738.170548
402.5925,50,1738.730923
577.8855,50,1739.332058
465.962,50,1739.834965
503.4855,50,1740.407917
669.36,50,1740.990282
360.947,50,1741.506125
480.7965,50,1742.059576
565.068,50,1742.618152
575.105,50,1743.177
562.8605,50,1743.703832
631.541,50,1744.26061
430.573,50,1744.785883
471.447,50,1745.305293
657.7315,50,1745.87976
659.7615,50,1746.458137
546.5365,50,1747.008824
308.265,50,1747.545634
728.0045,50,1748.066137
699.275,50,1748.611478
525.799,50,1749.152258
475.4145,50,1749.687784
656.87,50,1750.24846
605.833,50,1750.811228
500.6415,50,1751.326879
531.0015,50,1751.913832
409.0685,50,1752.461673
647.0185,50,1753.064856
479.6645,50,1753.614605
776.544,50,1754.200156
592.6635,50,1754.765645
560.9185,50,1755.3161
606.32,50,1755.863879
519.5825,50,1757.758166
712.509,50,1758.319179
448.9535,50,1758.892398
544.9165,50,1759.453607
593.2145,50,1759.952941
624.433,50,1760.508035
541.577,50,1761.03725
477.4085,50,1761.579766
482.996,50,1762.123011
263.34875,50,1762.63153
613.884,50,1763.212879
618.892,50,1763.773986
663.415,50,1764.322019
704.852,50,1764.90497
574.2895,50,1765.448045
493.7,50,1765.971585
757.3335,50,1766.531709
583.6035,50,1767.091325
454.926,50,1767.61154
393.9205,50,1768.097685
604.1735,50,1768.646598
623.974,50,1769.190511
563.92,50,1769.760674
493.134,50,1770.279368
440.4825,50,1770.791645
750.105,50,1771.344289
576.2205,50,1771.903072
694.4445,50,1772.493187
595.32,50,1773.033179
645.1635,50,1773.589395
507.1365,50,1774.122081
591.542,50,1774.707254
676.2205,50,1775.284416
561.07675,50,1775.852963
418.1945,50,1776.401333
709.612,50,1776.989601
695.7325,50,1777.555367
644.81,50,1778.09627
484.8395,50,1778.675494
579.6895,50,1779.235156
569.667,50,1779.771477
653.528,50,1780.336075
464.165,50,1780.867479
642.9175,50,1781.421759
483.228,50,1781.956215
547.1285,50,1782.490898
661.385,50,1783.061193
618.8055,50,1783.561835
541.321,50,1784.111098
350.186,50,1784.584972
528.946,50,1785.08711
336.006,50,1785.556948
499.631,50,1786.106389
612.8465,50,1786.692823
637.1065,50,1787.231711
511.999,50,1787.776774
484.647,50,1788.317526
305.956,50,1788.842471
362.389,50,1789.319551
526.9915,50,1789.905597
506.7855,50,1790.469985
718.105,50,1790.986781
575.6405,50,1791.578095
