#{"t_start": 1677041101.8486943, "env_id": "gym_cell/cg-v0"}
r,l,t
122.0945,20,1.688892
78,20,1.986343
72,20,2.321107
276.0765,20,2.643823
72,20,2.907177
317.896,20,3.248136
74,20,3.531075
52,20,3.82221
84,20,4.073939
90,20,4.318774
24,20,4.602157
240.0335,20,4.940033
243.40525,20,5.180847
263.03925,20,5.524253
16,20,5.806467
228.3575,20,6.079846
50,20,6.412346
26,20,6.696163
217.853,20,6.953894
48,20,7.238011
-20,20,7.469188
118.518,20,7.714601
6,20,8.03301
24,20,8.289438
212.51375,20,8.591597
44,20,8.861868
312.449,20,9.213999
265.233,20,9.495149
44,20,9.763329
56,20,10.095989
48,20,10.374617
54,20,10.612465
24,20,10.878062
263.8095,20,11.116782
12,20,11.381357
232.2555,20,11.698048
-100,20,11.908967
78,20,12.233434
74,20,12.504632
40,20,12.773187
211.26,20,13.079561
44,20,13.319943
66,20,13.631902
209.799,20,13.911457
52,20,14.177297
274.832,20,14.498673
56,20,14.813984
18,20,15.080143
240.758,20,15.349732
40,20,15.635884
56,20,15.954493
-6,20,16.190505
28,20,16.436327
40,20,16.724416
72,20,17.025456
129.78475,20,17.322175
80,20,17.567319
50,20,17.807768
34,20,18.097074
253.264,20,18.41227
42,20,18.719533
278.3065,20,19.005214
22,20,19.284697
54,20,19.541053
247.774,20,19.830127
257.1175,20,20.12997
74,20,20.372139
223.74125,20,20.649582
70,20,20.903881
139.82275,20,21.140086
58,20,21.456017
168.895,20,21.746578
90,20,22.050795
84,20,22.329434
26,20,22.625712
190.6205,20,22.915171
60,20,23.160174
70,20,23.409183
242.50625,20,23.752177
216.20375,20,24.044553
159.44725,20,24.357293
272.91225,20,24.679421
307.384,20,25.025558
24,20,25.293676
78,20,25.578441
243.5145,20,25.903841
243.4735,20,26.185534
223.208,20,26.450195
339.845,20,26.722564
248.7575,20,27.032461
0,20,27.264247
246.316,20,27.533439
131.2395,20,27.812809
30,20,28.055943
184.576,20,28.350975
38,20,28.62079
34,20,28.883192
60,20,29.216916
208.55825,20,29.482139
290.41675,20,29.814366
-16,20,30.050343
56,20,30.37474
294.5395,20,31.726559
236.77,20,32.042966
80,20,32.287423
84,20,32.616636
258.15225,20,32.911124
333.5545,20,33.188848
252.88125,20,33.498722
70,20,33.746621
58,20,34.009124
307.24725,20,34.328905
84,20,34.573387
68,20,34.836926
62,20,35.126767
366.877,20,35.469231
60,20,35.711119
244.1005,20,35.954784
221.8755,20,36.228045
52,20,36.51732
170.66675,20,36.8058
284.0425,20,37.068641
297.5175,20,37.363159
50,20,37.641294
38,20,37.901941
48,20,38.222767
295.7445,20,38.507863
64,20,38.766978
62,20,39.086991
68,20,39.35677
72,20,39.698358
204.3935,20,39.949929
34,20,40.283792
312.238,20,40.582939
141.01475,20,40.88186
208.9605,20,41.178023
68,20,41.44026
56,20,41.722434
72,20,42.00428
237.48,20,42.300212
28,20,42.606925
62,20,42.936455
58,20,43.217838
347.831,20,43.509492
64,20,43.770669
225.2155,20,44.082793
50,20,44.31872
139.33725,20,44.624177
46,20,44.928256
276.575,20,45.202816
211.46925,20,45.529222
328.63675,20,45.870061
246.169,20,46.16344
60,20,46.434474
60,20,46.685734
64,20,46.956793
209.118,20,47.250674
30,20,47.49567
231.79575,20,47.762822
240.552,20,48.05874
184.265,20,48.336
258.474,20,48.610753
24,20,48.850427
246.6145,20,49.10184
80,20,49.340448
234.72825,20,49.630703
54,20,49.933086
58,20,50.23164
251.6555,20,50.514755
204.459,20,50.799114
58,20,51.109098
4,20,51.354054
169.19475,20,51.640416
74,20,51.90429
239.977,20,52.190841
84,20,52.477586
140.90975,20,52.765
299.7355,20,53.057434
281.1395,20,53.330469
78,20,53.650469
90,20,53.913074
341.0025,20,54.199149
307.97725,20,54.471139
282.004,20,54.775283
323.2945,20,55.093654
44,20,55.40793
72,20,55.708458
62,20,55.982867
246.227,20,56.258765
56,20,56.564248
308.717,20,56.889044
265.0935,20,57.160325
155.6935,20,57.446178
216.1805,20,57.719659
78,20,58.026208
318.8,20,58.293785
266.2505,20,58.560252
44,20,58.81584
78,20,59.100035
261.852,20,59.382201
68,20,59.702522
70,20,59.973722
74,20,60.245421
272.20975,20,60.50555
249.001,20,61.905627
272.601,20,62.198314
337.7285,20,62.516807
299.4105,20,62.814534
329.2555,20,63.116222
60,20,63.365273
74,20,63.641177
252.4215,20,63.947421
264.8415,20,64.216183
147.47825,20,64.519334
244.698,20,64.789398
66,20,65.055358
84,20,65.341263
58,20,65.627582
258.646,20,65.896421
244.8545,20,66.193137
236.425,20,66.481883
74,20,66.740311
292.88,20,67.024795
268.576,20,67.316602
54,20,67.60623
286.7955,20,67.941013
302.0485,20,68.22459
256.07,20,68.520783
66,20,68.796078
90,20,69.091279
52,20,69.46865
273.2455,20,69.758017
254.918,20,70.022997
-8,20,70.273583
294.5565,20,70.597006
299.67425,20,70.876518
80,20,71.141375
78,20,71.442305
244.5505,20,71.721649
234.458,20,72.023909
288.37925,20,72.341675
230.4235,20,72.695116
162.158,20,72.939698
48,20,73.218127
251.10525,20,73.524903
42,20,73.816382
58,20,74.127805
74,20,74.416261
78,20,74.743
279.724,20,75.059197
74,20,75.314733
149.64775,20,75.608485
46,20,75.926684
68,20,76.182297
308.9335,20,76.482567
72,20,76.787391
251.721,20,77.070537
277.1945,20,77.395779
14,20,77.653075
274.9185,20,77.983799
0,20,78.22443
68,20,78.49454
235.2245,20,78.768929
66,20,79.07221
62,20,79.347478
58,20,79.650192
66,20,79.972366
68,20,80.258355
334.9975,20,80.523369
284.5115,20,80.843273
243.4685,20,81.125943
230.0015,20,81.41407
64,20,81.672188
277.1315,20,81.955112
246.67725,20,82.27596
301.52475,20,82.564138
4,20,82.812789
245.328,20,83.102402
52,20,83.389268
243.66175,20,83.671094
74,20,83.93922
306.155,20,84.277104
56,20,84.577391
267.1325,20,84.855811
74,20,85.106183
233.41675,20,85.366216
279.4015,20,85.684112
129.37775,20,85.986644
54,20,86.274261
72,20,86.569599
211.277,20,86.878142
281.649,20,87.158665
258.436,20,87.466661
48,20,87.766805
72,20,88.069113
314.279,20,88.370335
84,20,88.667693
52,20,88.927551
74,20,89.206079
340.3025,20,89.48978
222.3025,20,89.788146
295.0425,20,90.09321
264.3095,20,90.396307
278.391,20,90.703012
292.1745,20,91.021213
334.5375,20,91.30159
90,20,91.601773
74,20,92.960958
210.947,20,93.255428
251.1895,20,93.528775
282.4595,20,93.820424
58,20,94.093116
234.6285,20,94.391838
60,20,94.662327
297.71475,20,94.98122
60,20,95.245821
231.616,20,95.521532
239.6525,20,95.825547
293.66425,20,96.102747
305.0525,20,96.416953
165.23925,20,96.723752
161.62825,20,97.004533
78,20,97.312097
364.749,20,97.626399
80,20,97.946993
72,20,98.280694
290.915,20,98.614672
297.1325,20,98.916263
302.729,20,99.227123
135.78775,20,99.525321
157.335,20,99.834328
260.678,20,100.129022
217.204,20,100.433135
78,20,100.706661
288.6245,20,101.010051
263.0875,20,101.339537
70,20,101.595533
58,20,101.890397
268.774,20,102.17842
74,20,102.435894
313.165,20,102.778265
225.419,20,103.065792
228.4015,20,103.351268
314.5205,20,103.688775
177.3945,20,103.998657
131.48875,20,104.293974
150.7235,20,104.590125
293.624,20,104.880322
283.2735,20,105.176203
231.4215,20,105.429832
78,20,105.728409
163.39475,20,106.023609
305.6075,20,106.309772
68,20,106.584472
227.7885,20,106.865289
244.386,20,107.179202
68,20,107.460669
78,20,107.723203
78,20,107.99685
26,20,108.318202
68,20,108.624123
233.34475,20,108.889833
70,20,109.199923
64,20,109.480981
235.2665,20,109.813894
381.079,20,110.156167
276.2155,20,110.435778
258.0715,20,110.727451
52,20,111.011683
70,20,111.323698
346.49125,20,111.625426
243.92275,20,111.919114
62,20,112.241296
80,20,112.515943
291.015,20,112.783979
8,20,113.051076
225.662,20,113.331975
90,20,113.62757
74,20,113.916298
68,20,114.199462
300.667,20,114.52921
204.954,20,114.809584
261.58,20,115.097626
301.19475,20,115.397772
243.98,20,115.684676
288.721,20,116.003613
346.757,20,116.307653
56,20,116.595086
34,20,116.868471
68,20,117.132566
351.614,20,117.439746
56,20,117.730898
267.19225,20,118.007489
231.524,20,118.274666
72,20,118.558071
367.23875,20,118.859919
241.801,20,119.152463
310.47975,20,119.467248
78,20,119.740216
325.2085,20,120.04671
241.494,20,120.323639
10,20,120.553631
68,20,120.815826
84,20,121.115582
282.393,20,121.436401
205.81,20,121.699261
135.769,20,121.973002
0,20,122.227573
222.828,20,122.505989
267.624,20,123.890739
80,20,124.162764
72,20,124.474585
68,20,124.779092
298.9615,20,125.062912
250.81575,20,125.383735
80,20,125.690592
216.5025,20,125.99035
232.712,20,126.266776
262.8285,20,126.56288
56,20,126.856896
220.2335,20,127.163693
62,20,127.472594
214.4,20,127.757159
226.08925,20,128.049154
306.688,20,128.379496
225.976,20,128.664126
267.689,20,128.968006
287.001,20,129.27126
225.801,20,129.556948
90,20,129.862934
310.38525,20,130.143823
84,20,130.407942
68,20,130.678135
58,20,130.973474
256.224,20,131.286978
347.04,20,131.587842
66,20,131.861425
90,20,132.141818
258.3325,20,132.405395
245.073,20,132.666715
319.6445,20,133.000936
267.6665,20,133.316347
247.84025,20,133.622592
52,20,133.91107
68,20,134.208244
271.19975,20,134.491699
40,20,134.759923
238.422,20,135.047195
56,20,135.354875
38,20,135.640098
335.862,20,135.956367
263.90725,20,136.264097
64,20,136.550661
84,20,136.866271
265.345,20,137.162188
293.13,20,137.468107
244.88,20,137.763902
227.43,20,138.048146
325.45575,20,138.381227
269.5835,20,138.685394
368.76025,20,138.99457
277.681,20,139.264226
74,20,139.581036
153.54325,20,139.870727
291.5085,20,140.156989
264.117,20,140.447301
252.2745,20,140.775278
60,20,141.023283
269.838,20,141.338414
233.423,20,141.692782
74,20,141.972845
315.003,20,142.272214
175.9195,20,142.529707
44,20,142.811512
249.111,20,143.089592
24,20,143.373572
281.7075,20,143.683019
62,20,143.958902
218.652,20,144.264481
349.58825,20,144.559514
280.18,20,144.91553
74,20,145.236494
295.4845,20,145.537471
305.253,20,145.826676
259.736,20,146.108723
50,20,146.387783
74,20,146.664859
44,20,146.959562
143.94125,20,147.233723
255.424,20,147.56443
54,20,147.838374
245.8085,20,148.159375
225.3565,20,148.450725
189.341,20,148.717297
16,20,149.018378
84,20,149.288009
339.2025,20,149.579181
58,20,149.851154
326.167,20,150.193612
74,20,150.447118
295.7645,20,150.750064
370.6125,20,151.096621
301.5455,20,151.392783
54,20,151.664322
360.9685,20,151.943213
64,20,152.241698
265.2155,20,152.506571
70,20,152.782359
256.3405,20,153.042998
214.673,20,153.360262
317.4325,20,153.66413
254.82175,20,153.96518
276.82,20,155.323347
68,20,155.604917
277.4185,20,155.908124
50,20,156.176227
221.742,20,156.479196
62,20,156.76212
228.907,20,157.071955
273.083,20,157.361543
64,20,157.643275
213.9325,20,157.938814
78,20,158.217226
58,20,158.502238
295.886,20,158.807493
62,20,159.138472
230.1925,20,159.429472
78,20,159.73542
298.106,20,160.038891
237.828,20,160.335723
254.235,20,160.646375
62,20,160.938406
253.27825,20,161.247936
66,20,161.554095
70,20,161.828372
68,20,162.101814
258.457,20,162.393554
74,20,162.675576
298.02075,20,162.971556
268.0195,20,163.25395
80,20,163.533203
242.941,20,163.8437
70,20,164.109175
351.7545,20,164.451052
64,20,164.744778
218.10325,20,165.00879
291.148,20,165.299521
38,20,165.57523
266.501,20,165.892121
62,20,166.25606
80,20,166.536671
343.5565,20,166.855277
254.591,20,167.163213
160.298,20,167.484036
70,20,167.746045
269.13525,20,168.034991
74,20,168.293896
313.046,20,168.620757
70,20,168.886135
54,20,169.145005
251.149,20,169.40621
233.11725,20,169.732033
143.63775,20,170.010434
237.0145,20,170.306567
269.9375,20,170.585829
321.34075,20,170.884226
271.3785,20,171.180719
252.4805,20,171.485059
291.3775,20,171.817892
68,20,172.095072
263.5015,20,172.376631
381.49125,20,172.716248
149.81625,20,173.009232
299.2835,20,173.333834
44,20,173.616177
286.75375,20,173.944213
251.989,20,174.232791
72,20,174.522108
84,20,174.780275
78,20,175.096629
84,20,175.405233
236.0885,20,175.70208
248.3915,20,175.9676
328.1425,20,176.257413
229.2125,20,176.541044
313.683,20,176.828765
280.514,20,177.127578
242.90725,20,177.414094
285.78275,20,177.719795
312.735,20,178.039067
58,20,178.346251
149.737,20,178.615963
239.1565,20,178.908246
220.9765,20,179.193997
78,20,179.504565
334.629,20,179.870103
58,20,180.172177
250.8635,20,180.454301
291.319,20,180.730788
54,20,180.9896
298.96,20,181.321366
288.3245,20,181.650218
279.3675,20,181.960734
231.6125,20,182.232154
243.3805,20,182.524136
269.6395,20,182.87908
72,20,183.192287
245.4205,20,183.492473
84,20,183.76464
78,20,184.09118
221.4885,20,184.404494
62,20,184.701657
287.0985,20,184.997129
68,20,185.322416
237.859,20,186.716475
68,20,187.031545
275.675,20,187.346691
78,20,187.636923
269.6435,20,187.94377
68,20,188.253782
308.559,20,188.597156
74,20,188.882251
259.019,20,189.178477
84,20,189.467434
38,20,189.741922
275.334,20,190.05886
70,20,190.309489
353.6735,20,190.61838
242.13825,20,190.894111
299.1195,20,191.242829
243.048,20,191.53809
248.5265,20,191.837221
68,20,192.131159
74,20,192.419787
263.3475,20,192.72332
330.694,20,193.063044
80,20,193.325205
62,20,193.617561
279.199,20,193.932728
245.711,20,194.219886
46,20,194.555892
74,20,194.850786
296.71775,20,195.13427
62,20,195.447301
317.4335,20,195.745559
314.303,20,196.031379
235.0445,20,196.307754
84,20,196.607228
58,20,196.877934
350.867,20,197.174211
373.415,20,197.502056
238.5385,20,197.768975
56,20,198.071
74,20,198.35035
303.14975,20,198.653478
80,20,198.950836
58,20,199.261197
285.244,20,199.581943
56,20,199.905649
139.4985,20,200.195571
272.3775,20,200.491242
260.44775,20,200.769705
340.9735,20,201.066736
228.2235,20,201.339891
259.6435,20,201.641446
54,20,201.927274
226.7365,20,202.202136
239.2195,20,202.4894
239.4985,20,202.787862
56,20,203.093452
241.1865,20,203.402067
233.85825,20,203.683497
229.7815,20,204.00649
371.2225,20,204.360763
224.524,20,204.686731
328.413,20,204.989909
62,20,205.318332
281.901,20,205.647539
237.9365,20,205.938682
286.2775,20,206.239005
269.964,20,206.585606
218.3295,20,206.857537
218.3505,20,207.146687
74,20,207.446178
290.2485,20,207.755266
241.5985,20,208.051558
301.99425,20,208.347664
248.7675,20,208.648371
78,20,208.936058
235.577,20,209.243382
160.70025,20,209.545255
303.7945,20,209.847114
282.6025,20,210.158586
56,20,210.473573
235.5815,20,210.772654
249.4125,20,211.044387
165.40375,20,211.353094
332.718,20,211.687331
68,20,211.961727
90,20,212.245143
68,20,212.537131
70,20,212.833744
151.13825,20,213.118281
251.22225,20,213.430184
258.58125,20,213.707639
251.9765,20,213.981401
250.422,20,214.282272
261.91875,20,214.557088
245.6235,20,214.889062
144.1545,20,215.217405
259.325,20,215.534771
233.5885,20,215.858945
247.13875,20,216.149553
272.9435,20,216.427135
298.012,20,216.713583
370.153,20,217.042545
380.3315,20,218.428769
290.123,20,218.731328
74,20,219.001486
74,20,219.291984
142.01975,20,219.587415
329.4375,20,219.873401
58,20,220.138512
316.866,20,220.447018
233.255,20,220.753032
306.948,20,221.050582
266.7995,20,221.344737
249.3255,20,221.650285
271.5755,20,221.93998
339.7735,20,222.259209
78,20,222.553012
194.916,20,222.831697
307.3965,20,223.112776
237.3085,20,223.426516
309.084,20,223.709917
280.56775,20,224.041598
74,20,224.340498
84,20,224.622829
340.1495,20,224.942198
52,20,225.204895
84,20,225.500363
255.223,20,225.801125
68,20,226.099674
245.231,20,226.412642
40,20,226.691898
314.35175,20,227.000041
265.85,20,227.283449
299.659,20,227.58642
148.06775,20,227.842609
338.229,20,228.128727
74,20,228.406194
68,20,228.711176
275.04375,20,229.035557
74,20,229.330345
251.164,20,229.638316
312.2035,20,229.975888
280.024,20,230.263498
229.6945,20,230.594709
205.5335,20,230.904591
234.84275,20,231.181871
68,20,231.480356
80,20,231.765542
84,20,232.051822
216.4845,20,232.316024
229.435,20,232.587619
292.6245,20,232.90013
272.0575,20,233.20388
241.478,20,233.529031
58,20,233.808071
78,20,234.145842
297.017,20,234.451236
229.7455,20,234.730724
263.5815,20,235.022618
231.005,20,235.312018
358.6765,20,235.603128
62,20,235.919038
74,20,236.184949
259.5505,20,236.45136
275.91925,20,236.75075
204.3585,20,237.045554
255.236,20,237.329977
78,20,237.628892
54,20,237.946162
84,20,238.228306
161.427,20,238.528098
74,20,238.810143
317.157,20,239.119534
311.9045,20,239.429755
68,20,239.719689
80,20,240.010321
254.0535,20,240.276486
74,20,240.552082
207.1715,20,240.807388
74,20,241.101065
74,20,241.380145
80,20,241.670007
312.117,20,241.966024
297.558,20,242.285658
74,20,242.588413
276.639,20,242.887731
278.0605,20,243.21745
84,20,243.501387
253.1435,20,243.804259
320.3145,20,244.141171
74,20,244.415409
236.966,20,244.710583
48,20,245.008202
250.62675,20,245.310264
301.8405,20,245.611457
248.945,20,245.885754
248.2675,20,246.206697
218.307,20,246.478797
277.39425,20,246.80029
367.3455,20,247.107973
311.288,20,247.401993
72,20,247.681932
256.439,20,247.987853
304.9935,20,248.301909
68,20,248.598708
58,20,249.933292
38,20,250.230551
385.1365,20,250.56436
283.117,20,250.891772
217.5695,20,251.198331
44,20,251.456892
68,20,251.742149
317.8515,20,252.050736
221.2225,20,252.34818
228.3965,20,252.633317
430.8575,20,252.968652
292.6165,20,253.262101
285.9475,20,253.564454
68,20,253.84591
274.4405,20,254.155932
245.213,20,254.440893
78,20,254.749111
248.90275,20,255.030529
62,20,255.294108
219.5185,20,255.579134
282.9755,20,255.865931
80,20,256.178372
159.4705,20,256.469633
263.30625,20,256.776325
346.1335,20,257.082609
58,20,257.353943
219.736,20,257.651642
58,20,257.945317
276.655,20,258.258411
380.074,20,258.566496
232.9115,20,258.860243
263.478,20,259.152245
246.377,20,259.466639
249.412,20,259.752544
78,20,260.024127
273.423,20,260.321788
225.518,20,260.631423
290.582,20,260.97455
304.732,20,261.263782
278.16,20,261.587698
226.274,20,261.881121
226.1755,20,262.169726
247.5705,20,262.473046
232.7285,20,262.724577
256.46425,20,263.039046
229.342,20,263.371884
255.5105,20,263.685783
275.6455,20,263.983938
296.35725,20,264.309798
312.5575,20,264.619956
68,20,264.905146
332.565,20,265.257324
297.462,20,265.551693
264.049,20,265.861487
78,20,266.188803
242.0435,20,266.495319
256.9315,20,266.810522
267.9205,20,267.109344
70,20,267.387911
231.314,20,267.709371
80,20,268.00601
68,20,268.295417
48,20,268.604619
54,20,268.878135
74,20,269.162881
295.77,20,269.469825
74,20,269.772336
274.26075,20,270.099905
293.118,20,270.392505
64,20,270.659453
247.268,20,270.933086
240.5955,20,271.259941
234.501,20,271.546878
306.9135,20,271.872027
68,20,272.170965
62,20,272.47882
74,20,272.759418
68,20,273.045162
325.5865,20,273.323203
241.032,20,273.622897
58,20,273.901328
64,20,274.166554
254.8465,20,274.452689
289.22675,20,274.756409
240.1285,20,275.039753
78,20,275.321486
68,20,275.616957
303.245,20,275.93998
233.227,20,276.246464
58,20,276.529076
275.144,20,276.827272
228.998,20,277.118976
74,20,277.423321
80,20,277.713793
62,20,277.992736
68,20,278.282173
331.9065,20,278.609935
248.7385,20,278.94519
340.723,20,279.262008
312.6645,20,279.567994
74,20,279.872144
263.851,20,280.212256
226.664,20,281.59838
276.76,20,281.927001
64,20,282.203413
279.71,20,282.490311
64,20,282.790548
80,20,283.079237
236.0175,20,283.352587
316.9125,20,283.65802
248.941,20,283.945719
64,20,284.222795
282.674,20,284.532793
256.07225,20,284.822329
237.838,20,285.108356
80,20,285.410555
251.6385,20,285.706087
266.9905,20,285.990103
310.9805,20,286.308929
251.4385,20,286.581901
378.4325,20,286.870955
74,20,287.154137
84,20,287.459366
68,20,287.737726
238.356,20,288.01324
247.56,20,288.272136
62,20,288.553861
295.917,20,288.857734
373.001,20,289.193517
70,20,289.468815
319.736,20,289.77095
408.49825,20,290.105251
284.938,20,290.405739
296.1815,20,290.71121
300.3645,20,291.034353
78,20,291.312571
149.10275,20,291.601497
282.4775,20,291.926047
266.1415,20,292.193801
239.6015,20,292.484511
285.601,20,292.821438
70,20,293.103979
255.9875,20,293.389937
279.2515,20,293.683846
273.499,20,293.971886
78,20,294.271237
80,20,294.555507
241.7065,20,294.865537
64,20,295.135113
348.117,20,295.458487
313.719,20,295.777209
74,20,296.065969
68,20,296.344838
313.244,20,296.643616
291.366,20,296.957207
219.044,20,297.233107
327.6285,20,297.553584
68,20,297.864496
228.2485,20,298.18069
301.45675,20,298.507425
227.518,20,298.789106
157.0075,20,299.095297
361.794,20,299.422443
223.419,20,299.718044
285.586,20,299.990136
64,20,300.271028
277.0845,20,300.593742
233.262,20,300.907306
68,20,301.17642
370.019,20,301.504559
74,20,301.779756
74,20,302.081858
38,20,302.345408
279.7905,20,302.663183
74,20,302.950087
252.028,20,303.234423
273.421,20,303.545053
243.9655,20,303.831838
274.86075,20,304.144649
309.305,20,304.472119
235.44775,20,304.765568
342.972,20,305.116188
80,20,305.384907
259.4055,20,305.679949
74,20,305.960712
123.85175,20,306.22946
276.768,20,306.540365
293.399,20,306.847758
269.9245,20,307.157656
68,20,307.441301
74,20,307.707412
289.8725,20,308.015176
341.1405,20,308.329956
253.0295,20,308.632243
274.693,20,308.929137
246.2835,20,309.200842
58,20,309.476342
290.838,20,309.746944
322.2465,20,310.03252
240.379,20,310.312579
259.0905,20,310.603328
281.769,20,310.914123
338.646,20,311.242265
303.112,20,311.543221
256.65525,20,311.813336
58,20,313.231159
303.77675,20,313.548546
323.0245,20,313.85253
231.114,20,314.133669
283.977,20,314.440557
80,20,314.711506
343.2475,20,315.020193
290.309,20,315.362503
58,20,315.641037
84,20,315.946003
236.87275,20,316.215297
289.155,20,316.530823
64,20,316.825606
237.0475,20,317.129744
287.0945,20,317.446572
137.44925,20,317.742159
313.081,20,318.067899
247.2175,20,318.358633
262.528,20,318.664307
74,20,318.935846
219.82575,20,319.231501
290.791,20,319.545894
338.4755,20,319.877825
233.34,20,320.161168
313.1085,20,320.472293
253.18,20,320.759647
238.9455,20,321.060484
290.829,20,321.356978
355.337,20,321.647768
251.6375,20,321.954376
267.5405,20,322.248331
216.085,20,322.541026
84,20,322.844738
256.1045,20,323.134914
248.214,20,323.408947
253.06,20,323.700123
293.5405,20,324.026657
64,20,324.307625
398.864,20,324.633072
90,20,324.934971
248.60225,20,325.227854
355.2445,20,325.552117
224.5135,20,325.832621
74,20,326.149109
68,20,326.469677
68,20,326.753801
62,20,327.062267
296.924,20,327.372219
331.244,20,327.694649
157.5905,20,327.985994
271.107,20,328.273315
310.041,20,328.560695
347.6205,20,328.873079
222.1835,20,329.161816
301.9425,20,329.461753
322.171,20,329.769522
62,20,330.107734
74,20,330.387488
301.8145,20,330.687841
255.6445,20,330.995915
253.4335,20,331.271422
257.1115,20,331.597536
321.003,20,331.915175
236.244,20,332.178795
238.802,20,332.465612
253.747,20,332.761303
236.0865,20,333.079267
285.8245,20,333.375231
62,20,333.663655
291.272,20,333.98891
70,20,334.253204
367.6225,20,334.572183
278.431,20,334.882981
58,20,335.170771
292.96375,20,335.489499
272.6325,20,335.783883
150.8935,20,336.071236
80,20,336.361177
165.1515,20,336.656983
254.099,20,336.947654
243.00175,20,337.257952
342.684,20,337.58182
325.38,20,337.911614
74,20,338.193725
243.566,20,338.51772
468.2095,20,338.885056
243.5245,20,339.193759
260.285,20,339.522481
74,20,339.807933
68,20,340.103069
246.501,20,340.395649
237.3555,20,340.700693
294.871,20,341.030995
239.7275,20,341.320419
74,20,341.602319
291.45,20,341.894093
224.8445,20,342.193621
234.428,20,342.477506
308.74,20,342.797352
244.88675,20,343.078361
246.1015,20,343.368461
392.4505,20,343.698764
68,20,345.074341
231.387,20,345.363674
426.5735,20,345.702538
261.436,20,346.02596
163.079,20,346.346383
74,20,346.65998
221.31175,20,346.940073
340.881,20,347.266194
145.378,20,347.559456
285.8655,20,347.852629
225.1985,20,348.128341
307.997,20,348.424143
206.32525,20,348.723161
237.088,20,349.02658
292.967,20,349.328749
256.547,20,349.624465
68,20,349.934786
64,20,350.216856
302.6615,20,350.513026
74,20,350.823291
302.6395,20,351.109048
244.613,20,351.416461
68,20,351.694266
264.208,20,351.994064
239.831,20,352.281618
253.969,20,352.591522
316.083,20,352.920085
243.63025,20,353.178717
279.611,20,353.477141
327.193,20,353.788934
257.84325,20,354.062068
80,20,354.35533
254.90475,20,354.640387
62,20,354.935891
232.34625,20,355.218563
136.338,20,355.483813
78,20,355.786669
324.1955,20,356.078292
305.493,20,356.376422
325.529,20,356.717097
72,20,357.022129
291.9585,20,357.315502
273.1495,20,357.600905
269.9995,20,357.887409
68,20,358.192975
242.525,20,358.479407
262.2675,20,358.791118
74,20,359.082505
68,20,359.361499
257.233,20,359.64312
74,20,359.945614
50,20,360.215088
269.47375,20,360.543134
68,20,360.825106
320.417,20,361.114134
192.158,20,361.391756
284.8955,20,361.699543
275.8815,20,361.975856
236.156,20,362.260538
324.20875,20,362.583954
276.4975,20,362.889082
254.6555,20,363.211015
299.6805,20,363.510047
68,20,363.78278
361.779,20,364.104963
64,20,364.383649
78,20,364.701237
149.11675,20,364.999021
314.576,20,365.286005
66,20,365.583058
273.24475,20,365.889045
78,20,366.202889
248.52825,20,366.490128
330.876,20,366.820378
316.825,20,367.152321
68,20,367.453063
373.1835,20,367.749142
321.8785,20,368.073588
269.4435,20,368.386419
78,20,368.710276
68,20,368.993826
279.4135,20,369.321958
436.8265,20,369.647646
296.999,20,369.945633
74,20,370.230698
260.42,20,370.529678
356.1255,20,370.823535
58,20,371.090945
294.3535,20,371.397235
84,20,371.676951
271.6395,20,371.976613
74,20,372.258195
78,20,372.553269
268.7305,20,372.844456
262.8355,20,373.163287
228.55725,20,373.433132
54,20,373.730231
62,20,374.027289
245.7365,20,374.307856
72,20,374.597946
230.633,20,374.900492
80,20,375.206281
68,20,376.570951
372.8155,20,376.905169
294.86925,20,377.242331
300.2145,20,377.525844
293.089,20,377.834537
60,20,378.110476
64,20,378.40291
394.4575,20,378.738911
242.2855,20,379.0422
290.5555,20,379.30725
299.9975,20,379.629133
291.4195,20,379.926187
74,20,380.229397
272.258,20,380.509028
80,20,380.797299
310.524,20,381.093111
72,20,381.403035
256.2725,20,381.709406
78,20,382.011414
54,20,382.296132
68,20,382.587984
247.46,20,382.883417
253.00225,20,383.199424
294.9055,20,383.482331
364.645,20,383.799125
58,20,384.098614
48,20,384.361063
330.209,20,384.675197
64,20,384.963191
247.229,20,385.252713
261.7515,20,385.528477
245.3275,20,385.823546
250.47125,20,386.132853
74,20,386.422906
285.24475,20,386.71302
240.8835,20,387.021419
270.064,20,387.314003
78,20,387.627155
304.943,20,387.93947
327.2885,20,388.23194
68,20,388.497494
62,20,388.776973
277.95325,20,389.090115
84,20,389.360156
62,20,389.652931
314.246,20,389.962605
58,20,390.231887
74,20,390.550524
64,20,390.840634
227.328,20,391.129064
62,20,391.443303
58,20,391.754292
80,20,392.058451
320.0575,20,392.390573
267.718,20,392.688179
318.621,20,392.980981
238.551,20,393.271963
325.054,20,393.586845
58,20,393.857631
274.69175,20,394.14583
310.709,20,394.453321
295.7815,20,394.753868
282.263,20,395.080735
308.622,20,395.407344
233.0835,20,395.689277
318.8175,20,396.001605
72,20,396.303023
80,20,396.576745
334.54125,20,396.899214
74,20,397.178585
315.097,20,397.47839
44,20,397.75025
74,20,398.02396
64,20,398.317209
80,20,398.600527
322.675,20,398.899599
305.6425,20,399.189541
300.3765,20,399.481353
78,20,399.766035
239.939,20,400.056663
341.9665,20,400.382617
254.42025,20,400.66658
227.329,20,400.933655
64,20,401.202861
287.832,20,401.476249
230.43825,20,401.803953
342.5895,20,402.109767
313.0945,20,402.426408
245.692,20,402.718809
68,20,403.033587
345.6285,20,403.352972
320.3075,20,403.664659
139.8295,20,403.951977
74,20,404.217287
68,20,404.524539
241.7485,20,404.805762
266.684,20,405.109622
221.6075,20,405.387052
62,20,405.689439
253.346,20,405.980434
220.606,20,406.260791
394.556,20,406.587792
222.9865,20,406.866712
292.728,20,408.226172
243.0995,20,408.522177
293.7385,20,408.820801
229.417,20,409.127423
52,20,409.420053
331.64,20,409.712852
74,20,409.975722
299.37825,20,410.294986
260.721,20,410.625276
247.635,20,410.92248
149.7115,20,411.208826
330.4945,20,411.534667
361.894,20,411.871521
256.1375,20,412.162949
132.0955,20,412.443639
372.551,20,412.755453
224.5615,20,413.073825
150.278,20,413.342426
68,20,413.615884
282.801,20,413.905646
66,20,414.21879
230.08275,20,414.514095
280.1315,20,414.814503
267.56425,20,415.109333
316.788,20,415.418613
58,20,415.698175
258.6765,20,416.008043
80,20,416.283313
285.68025,20,416.589125
343.422,20,416.915555
149.16525,20,417.191168
84,20,417.481862
229.17625,20,417.75841
251.993,20,418.0673
249.261,20,418.377281
294.764,20,418.669356
280.355,20,418.974302
68,20,419.273439
235.475,20,419.566077
282.528,20,419.844354
347.6225,20,420.152323
379.6695,20,420.451491
271.854,20,420.732451
292.305,20,421.017708
237.85375,20,421.304253
300.976,20,421.59966
347.143,20,421.891982
54,20,422.15387
255.19275,20,422.457158
311.734,20,422.77296
264.541,20,423.082545
269.7565,20,423.398991
74,20,423.696524
264.503,20,424.000604
240.9635,20,424.277862
257.79925,20,424.603239
307.8085,20,424.90212
237.432,20,425.226604
296.406,20,425.505293
382.947,20,425.81756
359.173,20,426.129828
313.18575,20,426.408098
62,20,426.680824
316.3095,20,426.986411
312.593,20,427.288822
327.5785,20,427.602075
358.3995,20,427.92671
234.037,20,428.227291
74,20,428.505213
70,20,428.784776
353.095,20,429.120784
230.7525,20,429.399326
254.298,20,429.707686
74,20,429.983895
68,20,430.291661
248.202,20,430.569865
255.8695,20,430.860689
246.2125,20,431.190985
323.86375,20,431.507756
245.7375,20,431.822372
80,20,432.11481
74,20,432.384533
356.4445,20,432.720813
237.978,20,433.013504
249.234,20,433.305071
308.0725,20,433.609595
74,20,433.899949
74,20,434.177592
289.3545,20,434.496122
266.006,20,434.79407
70,20,435.075294
318.532,20,435.363659
72,20,435.636365
227.702,20,435.912736
361.8075,20,436.239105
251.432,20,436.524932
261.5155,20,436.825128
340.32,20,437.123823
289.6745,20,437.425944
74,20,437.694962
355.5175,20,438.007676
310.91,20,438.353393
222.8165,20,439.714141
233.0515,20,440.017298
257.741,20,440.322762
279.791,20,440.616008
351.0355,20,440.93178
222.851,20,441.228175
267.772,20,441.535684
62,20,441.815011
252.5085,20,442.117065
80,20,442.387764
68,20,442.658769
80,20,442.925512
245.526,20,443.226376
249.345,20,443.511842
68,20,443.801827
74,20,444.063677
310.0,20,444.376047
235.70125,20,444.635773
404.9005,20,444.965418
300.95,20,445.273744
339.8505,20,445.600714
342.359,20,445.910667
304.698,20,446.225813
348.609,20,446.522553
361.819,20,446.84567
270.5875,20,447.158165
354.8205,20,447.475802
258.296,20,447.793327
262.5185,20,448.12129
326.5845,20,448.447621
279.741,20,448.730576
284.544,20,449.030803
70,20,449.31035
236.183,20,449.62487
64,20,449.916916
84,20,450.201154
90,20,450.4937
269.556,20,450.792577
281.131,20,451.091971
68,20,451.376824
305.761,20,451.683762
145.10275,20,451.97002
414.3595,20,452.295575
330.36675,20,452.598992
68,20,452.883648
288.3285,20,453.175527
247.213,20,453.451531
68,20,453.747077
289.979,20,454.052634
314.1515,20,454.361163
376.0205,20,454.690356
48,20,454.990033
323.6815,20,455.302397
231.0925,20,455.592432
56,20,455.884387
227.8925,20,456.168661
311.258,20,456.453901
126.75525,20,456.720208
262.4375,20,457.018385
74,20,457.305303
128.77175,20,457.564774
419.55425,20,457.89531
299.54,20,458.205557
309.58,20,458.507473
352.7965,20,458.792553
231.3665,20,459.078296
266.5225,20,459.362507
74,20,459.632267
234.1465,20,459.902883
267.977,20,460.233897
278.1445,20,460.51632
74,20,460.803648
309.3785,20,461.070966
294.6025,20,461.373138
244.583,20,461.681482
295.816,20,462.012151
258.936,20,462.340556
58,20,462.638837
280.807,20,462.949092
261.678,20,463.231712
370.6215,20,463.546541
231.366,20,463.862683
68,20,464.134832
132.387,20,464.436763
265.541,20,464.777283
225.89,20,465.091658
338.5505,20,465.404827
278.6875,20,465.693352
68,20,465.983797
157.43225,20,466.257698
317.9605,20,466.554369
84,20,466.82495
312.3985,20,467.160965
70,20,467.444135
74,20,467.708399
248.148,20,468.00957
334.733,20,468.317368
295.534,20,468.611686
250.9845,20,468.920241
84,20,469.247386
326.9225,20,469.537707
234.4885,20,469.840458
68,20,470.122834
252.9485,20,471.514785
140.722,20,471.811423
78,20,472.10181
290.70875,20,472.409481
68,20,472.736157
66,20,473.007166
78,20,473.328273
251.241,20,473.60681
262.9895,20,473.921042
266.15925,20,474.223543
271.4325,20,474.510109
285.7615,20,474.801428
284.5365,20,475.090608
227.769,20,475.380407
68,20,475.658868
80,20,475.964449
58,20,476.273355
267.363,20,476.615076
271.24,20,476.919177
259.5855,20,477.25681
245.476,20,477.55375
347.9045,20,477.872184
68,20,478.169975
231.0925,20,478.448351
245.0275,20,478.763402
154.8765,20,479.08408
234.843,20,479.381821
309.7345,20,479.683844
68,20,479.99054
62,20,480.285095
303.5125,20,480.578747
314.98,20,480.888404
78,20,481.172108
323.148,20,481.499585
355.7375,20,481.842273
70,20,482.137278
48,20,482.408795
231.6845,20,482.700293
270.4715,20,482.999219
277.24425,20,483.320559
252.1215,20,483.603194
307.76075,20,483.942075
64,20,484.229043
353.38925,20,484.562575
264.2095,20,484.858998
68,20,485.153373
263.9615,20,485.433893
84,20,485.740752
150.4605,20,486.032217
253.505,20,486.329622
228.523,20,486.616927
251.1765,20,486.918158
269.1265,20,487.210088
285.06525,20,487.516927
262.773,20,487.822965
246.6205,20,488.113765
58,20,488.405501
68,20,488.689608
303.687,20,488.996508
281.6235,20,489.320013
56,20,489.640466
231.7755,20,489.936654
311.5185,20,490.23138
235.1745,20,490.533545
230.8365,20,490.839148
80,20,491.126619
254.657,20,491.428706
324.506,20,491.713514
252.844,20,492.0419
437.302,20,492.37878
74,20,492.666178
272.423,20,492.971097
322.39,20,493.303107
156.734,20,493.594515
68,20,493.873475
240.5105,20,494.181401
74,20,494.467404
68,20,494.745187
279.152,20,495.026916
68,20,495.302016
68,20,495.588684
281.1615,20,495.880354
241.6645,20,496.152074
269.7505,20,496.439828
403.551,20,496.793391
296.19075,20,497.099101
68,20,497.382396
265.585,20,497.708354
68,20,497.973922
68,20,498.271699
275.19775,20,498.572699
286.0395,20,498.871645
282.671,20,499.196257
310.9145,20,499.501554
261.757,20,499.791182
263.692,20,500.078524
261.17775,20,500.360413
212.838,20,500.665211
257.9765,20,500.960835
299.1685,20,501.264507
215.963,20,501.558613
286.43325,20,501.854994
272.0105,20,503.244097
346.709,20,503.559454
305.146,20,503.853705
64,20,504.163852
236.3575,20,504.476484
78,20,504.746763
68,20,505.049933
74,20,505.364054
310.034,20,505.678771
289.71125,20,506.001555
273.01,20,506.307924
72,20,506.579434
231.858,20,506.88916
295.111,20,507.180517
267.114,20,507.474322
251.842,20,507.784845
144.77825,20,508.089155
335.7205,20,508.407223
64,20,508.695524
257.03575,20,508.98639
218.98425,20,509.281497
68,20,509.590959
294.3145,20,509.888356
285.9655,20,510.189805
232.8245,20,510.46716
327.397,20,510.774791
251.8515,20,511.066883
257.7355,20,511.350901
62,20,511.656727
68,20,511.935745
366.3265,20,512.249677
218.059,20,512.53654
265.2015,20,512.829074
84,20,513.153062
285.904,20,513.445311
331.2605,20,513.771506
90,20,514.071974
279.4975,20,514.362362
232.32625,20,514.6439
62,20,514.942447
328.866,20,515.24449
287.67625,20,515.562021
141.7485,20,515.866783
246.153,20,516.177909
312.951,20,516.48803
230.825,20,516.770421
248.6325,20,517.075895
327.746,20,517.413677
304.478,20,517.721163
74,20,518.013144
235.102,20,518.302433
210.592,20,518.611242
281.866,20,518.916391
355.54075,20,519.22214
202.721,20,519.51896
84,20,519.833946
280.2765,20,520.138117
163.39525,20,520.431225
224.63,20,520.726374
331.1805,20,521.024777
277.92775,20,521.309271
267.805,20,521.607965
237.1905,20,521.911769
56,20,522.20382
64,20,522.469831
277.98,20,522.750654
287.4945,20,523.066703
74,20,523.392247
263.59175,20,523.68405
78,20,523.993107
269.01175,20,524.270679
68,20,524.596399
272.3505,20,524.894167
290.004,20,525.168767
245.93,20,525.445923
64,20,525.722641
265.8375,20,526.00676
240.428,20,526.295111
322.91225,20,526.574028
294.258,20,526.875924
269.504,20,527.177609
221.5045,20,527.48583
78,20,527.772859
74,20,528.078597
231.6255,20,528.355044
327.8335,20,528.650996
256.0155,20,528.956925
68,20,529.241744
292.163,20,529.542993
244.191,20,529.819686
312.7705,20,530.153916
246.869,20,530.468656
58,20,530.737494
281.3915,20,531.031554
64,20,531.298938
376.254,20,531.610393
58,20,531.896128
227.91075,20,532.167946
263.3505,20,532.440468
305.8835,20,532.747897
436.6045,20,533.083925
74,20,533.361034
84,20,534.770223
234.78,20,535.054283
259.32425,20,535.336409
295.9105,20,535.648528
246.859,20,535.941361
405.753,20,536.267725
230.935,20,536.563632
295.947,20,536.855341
238.573,20,537.166363
304.9805,20,537.472545
244.4365,20,537.771217
324.7835,20,538.066706
237.87975,20,538.337907
78,20,538.628408
330.6045,20,538.921369
218.337,20,539.224408
311.8845,20,539.519474
74,20,539.849588
248.9525,20,540.111712
254.104,20,540.41524
283.4885,20,540.716924
266.773,20,541.024463
138.67275,20,541.304744
330.79625,20,541.6322
252.0585,20,541.934033
280.203,20,542.241488
366.1195,20,542.551061
66,20,542.829591
62,20,543.115611
238.1325,20,543.422206
278.823,20,543.747317
299.811,20,544.036953
248.019,20,544.32522
273.0165,20,544.609417
250.365,20,544.898573
321.645,20,545.231516
251.972,20,545.524688
66,20,545.835999
48,20,546.113494
324.0525,20,546.398424
271.8445,20,546.710182
124.671,20,546.972526
74,20,547.283715
239.328,20,547.576869
236.504,20,547.852387
84,20,548.148793
254.1765,20,548.4537
258.4765,20,548.753403
222.7935,20,549.050826
231.1225,20,549.322148
345.4105,20,549.638415
340.2065,20,549.96753
256.9495,20,550.291027
294.2605,20,550.577772
54,20,550.876909
242.37,20,551.161889
243.93625,20,551.427465
264.82,20,551.719162
223.1825,20,551.984512
292.37325,20,552.285617
237.8485,20,552.588233
78,20,552.875299
260.304,20,553.149442
256.498,20,553.425254
240.4505,20,553.699863
337.242,20,554.009866
258.2785,20,554.313958
334.3085,20,554.611309
218.3885,20,554.90859
220.4885,20,555.205788
227.766,20,555.482367
304.967,20,555.796754
54,20,556.093672
310.543,20,556.406738
74,20,556.702145
293.13425,20,557.010894
62,20,557.279566
328.678,20,557.570167
277.547,20,557.881679
272.0875,20,558.167991
323.697,20,558.479105
246.417,20,558.769726
322.225,20,559.083984
365.5745,20,559.403038
397.7495,20,559.7321
161.38225,20,560.040249
78,20,560.34833
270.9615,20,560.635887
272.173,20,560.931506
247.452,20,561.204184
236.6845,20,561.498252
320.911,20,561.802149
303.5455,20,562.108678
84,20,562.379305
280.071,20,562.705787
247.492,20,562.996778
312.224,20,563.305488
277.5865,20,563.609021
240.9895,20,563.893566
326.0665,20,564.18927
68,20,564.478331
68,20,564.754598
74,20,565.056027
225.9485,20,566.418815
72,20,566.722676
242.4165,20,567.024721
269.4565,20,567.328087
34,20,567.602258
162.476,20,567.881468
74,20,568.143801
300.8845,20,568.480736
222.1035,20,568.767885
168.77775,20,569.064743
327.9415,20,569.377982
68,20,569.665949
273.5405,20,569.970299
314.1105,20,570.28492
68,20,570.584646
354.1825,20,570.926683
442.2295,20,571.27276
62,20,571.578028
70,20,571.843129
398.92425,20,572.168406
385.583,20,572.515508
62,20,572.796671
84,20,573.092464
231.992,20,573.395354
151.4605,20,573.679387
336.7925,20,574.005414
72,20,574.309894
382.2405,20,574.634253
74,20,574.905858
254.973,20,575.196864
320.093,20,575.485316
311.63,20,575.783049
361.5985,20,576.109949
155.015,20,576.407806
249.9355,20,576.716426
302.549,20,577.029407
342.5125,20,577.353024
84,20,577.655127
74,20,577.952145
258.1655,20,578.271878
325.94,20,578.571089
295.69,20,578.879215
282.928,20,579.193408
249.255,20,579.491219
68,20,579.76611
308.093,20,580.100917
293.974,20,580.406941
283.191,20,580.723805
292.5115,20,581.056033
324.893,20,581.362306
301.273,20,581.664318
78,20,581.970829
237.0975,20,582.260702
338.432,20,582.600215
74,20,582.889746
68,20,583.165852
311.5525,20,583.474395
262.1475,20,583.776365
285.7145,20,584.067949
195.1025,20,584.366671
236.09625,20,584.630673
288.0245,20,584.968413
250.124,20,585.279702
326.932,20,585.595962
229.335,20,585.884567
329.4595,20,586.188358
291.926,20,586.48376
284.552,20,586.798996
250.519,20,587.078198
271.6265,20,587.3652
68,20,587.669263
318.477,20,587.975636
266.5235,20,588.276793
265.8195,20,588.572182
235.04925,20,588.837894
281.809,20,589.132121
68,20,589.431236
74,20,589.715812
356.475,20,590.058892
58,20,590.343518
84,20,590.665243
265.456,20,590.964613
284.97175,20,591.244668
211.6165,20,591.545558
363.98175,20,591.866059
266.2815,20,592.156469
284.77125,20,592.452958
337.5705,20,592.766258
68,20,593.037813
237.5045,20,593.312459
262.7315,20,593.619908
58,20,593.906422
252.0055,20,594.201761
249.946,20,594.481824
306.0165,20,594.783992
248.844,20,595.087322
225.9695,20,595.386126
68,20,595.698792
302.63875,20,596.005547
384.05075,20,596.343941
223.5395,20,596.669536
64,20,596.975857
251.80875,20,598.370207
309.4845,20,598.662123
241.382,20,598.934553
70,20,599.219758
260.4455,20,599.514373
243.997,20,599.812722
385.7845,20,600.145749
249.6895,20,600.449493
225.6655,20,600.760749
153.24525,20,601.075918
68,20,601.352739
261.2545,20,601.653018
287.6425,20,601.960015
80,20,602.243185
244.9625,20,602.539045
254.446,20,602.830623
74,20,603.128293
228.359,20,603.436069
70,20,603.730311
369.99325,20,604.067271
309.784,20,604.358213
74,20,604.65469
339.291,20,604.984577
279.8125,20,605.277336
231.408,20,605.559867
287.194,20,605.844266
253.4225,20,606.117347
376.8585,20,606.460002
282.425,20,606.78524
68,20,607.054084
44,20,607.319075
236.2225,20,607.600092
255.5935,20,607.881633
284.789,20,608.198956
74,20,608.528114
342.548,20,608.831748
283.3025,20,609.120255
270.03825,20,609.401501
68,20,609.716048
58,20,610.00844
269.643,20,610.340326
337.086,20,610.641425
232.3705,20,610.912457
306.866,20,611.203896
64,20,611.480441
229.21175,20,611.751225
371.461,20,612.08744
274.51325,20,612.399487
62,20,612.718596
287.194,20,613.007037
62,20,613.316828
354.44925,20,613.647156
271.06,20,613.9275
324.8085,20,614.244232
290.11175,20,614.532228
74,20,614.826538
64,20,615.082121
303.939,20,615.395535
395.4275,20,615.729516
289.426,20,616.051297
223.22625,20,616.336798
80,20,616.607912
84,20,616.910268
137.90825,20,617.214882
281.326,20,617.492797
260.958,20,617.827435
228.507,20,618.092409
278.0915,20,618.417305
308.61975,20,618.726037
161.6615,20,619.016219
251.3215,20,619.359016
235.126,20,619.641817
251.709,20,619.928802
241.7355,20,620.236506
269.433,20,620.519808
262.455,20,620.829801
62,20,621.114963
251.196,20,621.421025
311.1355,20,621.736161
390.5055,20,622.055472
232.058,20,622.34018
64,20,622.621554
260.615,20,622.926126
253.42975,20,623.223112
236.7235,20,623.509933
284.36,20,623.841634
243.4065,20,624.162918
284.7415,20,624.466653
216.04,20,624.748581
178.072,20,625.025444
74,20,625.326086
255.829,20,625.598848
263.2245,20,625.916302
281.9905,20,626.209563
235.43225,20,626.509162
52,20,626.804157
289.863,20,627.136322
64,20,627.408787
245.7205,20,627.713551
74,20,628.008519
334.634,20,628.327639
227.4435,20,628.612611
321.023,20,628.92547
283.36875,20,630.309123
68,20,630.613005
235.87,20,630.902416
238.9725,20,631.212581
166.503,20,631.505157
80,20,631.817008
80,20,632.10887
314.71225,20,632.418761
270.729,20,632.71732
62,20,633.023309
254.6035,20,633.323011
50,20,633.581631
297.5825,20,633.883474
291.0485,20,634.184189
290.759,20,634.494305
68,20,634.78884
68,20,635.078958
277.3595,20,635.407199
276.947,20,635.737348
302.2945,20,636.024472
280.074,20,636.332167
266.6975,20,636.656513
68,20,636.948376
262.43,20,637.250273
62,20,637.55823
231.123,20,637.842849
237.92225,20,638.13126
264.775,20,638.409017
150.05975,20,638.703424
62,20,638.990991
263.7865,20,639.29841
308.6115,20,639.603679
240.2055,20,639.915508
315.4115,20,640.211715
237.5395,20,640.478158
328.926,20,640.787891
234.2915,20,641.051459
291.914,20,641.35397
228.282,20,641.642193
141.64775,20,641.93874
62,20,642.212404
294.33275,20,642.501305
314.6175,20,642.796892
263.3855,20,643.083702
287.124,20,643.385919
342.8315,20,643.70127
228.6255,20,643.974588
245.202,20,644.293119
257.871,20,644.625172
250.19,20,644.903299
78,20,645.213443
327.124,20,645.514153
315.301,20,645.823178
366.8835,20,646.139935
231.17,20,646.44639
253.641,20,646.732207
46,20,647.013565
234.639,20,647.280427
54,20,647.550812
309.309,20,647.87768
56,20,648.207886
268.98,20,648.489248
304.3095,20,648.812468
297.0655,20,649.137393
250.171,20,649.431731
259.1425,20,649.721849
44,20,650.026471
74,20,650.307364
68,20,650.599016
340.078,20,650.916958
68,20,651.193045
158.71775,20,651.487608
309.5585,20,651.787325
240.5715,20,652.088486
318.17925,20,652.393263
371.4655,20,652.691465
64,20,653.020513
90,20,653.30318
306.72725,20,653.616325
247.949,20,653.905655
287.8755,20,654.233891
286.176,20,654.53303
145.63075,20,654.840969
278.0585,20,655.141891
74,20,655.440583
80,20,655.704578
277.464,20,656.020711
234.0025,20,656.334135
273.2755,20,656.616839
70,20,656.906997
212.172,20,657.189329
305.9565,20,657.487907
237.77275,20,657.822421
62,20,658.099389
244.8915,20,658.398791
264.17475,20,658.690347
289.964,20,659.028352
68,20,659.31682
267.286,20,659.610186
234.819,20,659.901181
78,20,660.1768
287.787,20,660.470562
237.7885,20,661.847024
302.5025,20,662.135029
70,20,662.400748
274.6575,20,662.720893
72,20,663.021448
320.20675,20,663.350742
222.499,20,663.659436
294.4855,20,663.966816
267.689,20,664.270658
288.4445,20,664.60453
80,20,664.891612
296.899,20,665.194819
293.7785,20,665.475301
289.6685,20,665.764074
90,20,666.048765
406.2865,20,666.421018
279.483,20,666.735068
300.316,20,667.050081
299.70425,20,667.354612
336.5845,20,667.680581
291.5605,20,667.984203
144.5765,20,668.274397
80,20,668.564892
273.31775,20,668.846895
74,20,669.149743
337.1395,20,669.47374
277.462,20,669.749446
68,20,670.040341
242.856,20,670.341451
297.3055,20,670.634471
80,20,670.926956
236.842,20,671.210202
257.831,20,671.498683
240.2145,20,671.782523
249.7105,20,672.072158
287.397,20,672.383656
62,20,672.674598
274.7965,20,672.989094
365.05675,20,673.320399
303.0955,20,673.599028
279.0825,20,673.912572
68,20,674.182428
312.439,20,674.492715
62,20,674.769868
232.161,20,675.049742
263.7455,20,675.338013
300.1215,20,675.654107
68,20,675.932779
236.579,20,676.26451
74,20,676.559691
331.133,20,676.860649
84,20,677.158651
78,20,677.471216
319.502,20,677.783408
143.10775,20,678.064796
296.1145,20,678.360447
58,20,678.639478
406.541,20,678.964137
241.5655,20,679.26256
264.8415,20,679.555129
270.4965,20,679.870931
224.2875,20,680.16524
326.9145,20,680.478918
78,20,680.766562
332.26375,20,681.087282
68,20,681.377972
292.4105,20,681.669445
275.3625,20,681.994943
285.879,20,682.29466
233.2715,20,682.562581
237.191,20,682.852885
302.3575,20,683.164553
263.895,20,683.473734
285.8245,20,683.790905
251.6855,20,684.064926
228.6975,20,684.390523
74,20,684.668772
84,20,684.957149
351.768,20,685.280819
271.58525,20,685.590734
252.154,20,685.90221
64,20,686.178741
263.448,20,686.462692
238.41075,20,686.770905
80,20,687.03432
242.19025,20,687.329865
222.9945,20,687.616198
344.712,20,687.947123
242.1355,20,688.242438
68,20,688.529676
74,20,688.809699
275.14,20,689.115715
282.31875,20,689.413809
319.81075,20,689.728467
56,20,690.032327
297.3675,20,690.326178
68,20,690.613097
240.8015,20,690.90533
284.456,20,691.209648
252.2245,20,691.503508
70,20,691.802018
247.8555,20,692.093023
74,20,693.450666
233.946,20,693.732132
231.7195,20,694.015306
291.3665,20,694.314085
62,20,694.623168
233.5055,20,694.908376
64,20,695.208853
274.9515,20,695.497589
74,20,695.808881
221.247,20,696.102057
254.5715,20,696.394243
248.3795,20,696.713811
272.51075,20,697.006798
62,20,697.322728
221.8915,20,697.61657
284.301,20,697.920621
274.566,20,698.228586
62,20,698.495973
62,20,698.785197
68,20,699.066842
84,20,699.356907
68,20,699.64901
74,20,699.939307
279.8625,20,700.24676
337.125,20,700.546676
224.5,20,700.83861
246.3345,20,701.140763
319.374,20,701.430533
259.524,20,701.748586
382.325,20,702.069582
74,20,702.331936
216.083,20,702.636427
321.411,20,702.949968
295.0575,20,703.255751
238.4075,20,703.558084
78,20,703.828366
80,20,704.115278
365.453,20,704.432927
68,20,704.714903
361.298,20,705.029818
263.035,20,705.353543
80,20,705.640162
264.9685,20,705.935604
368.10025,20,706.252558
283.4085,20,706.557519
74,20,706.821659
84,20,707.129751
234.50725,20,707.388602
257.683,20,707.695463
276.4275,20,708.001871
242.164,20,708.288027
248.8155,20,708.559705
318.80875,20,708.873221
341.923,20,709.17408
292.3425,20,709.478566
303.617,20,709.772613
328.859,20,710.085036
80,20,710.341916
304.386,20,710.668027
266.7085,20,710.952802
68,20,711.233197
232.5595,20,711.532966
74,20,711.812634
262.065,20,712.117055
291.9515,20,712.406871
239.777,20,712.683779
237.593,20,712.979094
54,20,713.244497
226.1885,20,713.530615
326.156,20,713.834375
68,20,714.146631
232.014,20,714.446059
58,20,714.724497
341.4625,20,715.054452
353.061,20,715.36077
328.385,20,715.674512
289.687,20,715.990417
74,20,716.30535
364.2425,20,716.610541
262.666,20,716.91687
284.138,20,717.194095
271.6995,20,717.487829
205.4455,20,717.752973
153.1565,20,718.057976
80,20,718.321262
245.645,20,718.626691
84,20,718.913534
64,20,719.196593
58,20,719.485054
228.832,20,719.766896
72,20,720.07937
232.2545,20,720.36497
84,20,720.673919
78,20,720.960663
252.04725,20,721.256867
269.90025,20,721.538094
321.7815,20,721.8484
80,20,722.160907
272.1255,20,722.467799
298.1715,20,722.781079
254.5125,20,723.06681
314.804,20,723.372814
240.968,20,723.677105
283.949,20,725.084137
267.19375,20,725.379852
58,20,725.664593
233.848,20,725.937875
234.2305,20,726.241822
310.64825,20,726.56219
317.6095,20,726.869344
281.70275,20,727.172792
62,20,727.461526
90,20,727.768452
272.25825,20,728.090994
293.10825,20,728.39987
345.377,20,728.724963
150.9235,20,729.008865
78,20,729.305413
90,20,729.626915
241.085,20,729.921918
288.10175,20,730.216158
309.8125,20,730.523294
282.7355,20,730.846491
74,20,731.150279
155.04075,20,731.432505
282.944,20,731.72056
64,20,731.997201
168.9035,20,732.290201
302.22575,20,732.602977
74,20,732.890914
243.8955,20,733.179776
284.911,20,733.461198
266.5905,20,733.746134
265.77,20,734.062479
266.9335,20,734.368715
237.8685,20,734.672296
226.552,20,734.962689
334.1245,20,735.273165
251.215,20,735.58221
259.9255,20,735.884388
84,20,736.164708
322.14425,20,736.502568
444.9475,20,736.849531
279.547,20,737.171217
218.93475,20,737.448045
273.2775,20,737.725546
247.014,20,737.997334
74,20,738.279702
334.5585,20,738.582136
74,20,738.862687
312.7455,20,739.148613
264.031,20,739.455878
305.293,20,739.784091
318.2175,20,740.107996
290.0725,20,740.420136
215.3065,20,740.71877
209.8565,20,741.032505
261.44,20,741.321023
241.425,20,741.625065
64,20,741.91236
210.4455,20,742.186514
80,20,742.472393
302.2995,20,742.774548
343.3865,20,743.103177
267.06725,20,743.388307
298.68675,20,743.702783
314.1885,20,743.988306
68,20,744.289221
56,20,744.598412
302.736,20,744.904873
255.681,20,745.200108
384.181,20,745.520871
267.79475,20,745.794962
503.75025,20,746.134897
279.873,20,746.415236
68,20,746.700964
263.2545,20,747.003427
260.69925,20,747.299879
301.4275,20,747.600686
68,20,747.881585
259.6355,20,748.182099
246.9145,20,748.485837
90,20,748.76981
238.255,20,749.083946
221.552,20,749.373295
78,20,749.654056
42,20,749.916887
143.6285,20,750.218398
237.583,20,750.508872
74,20,750.782983
48,20,751.066224
74,20,751.374495
326.5345,20,751.686813
84,20,751.982647
297.23325,20,752.276949
80,20,752.564707
259.151,20,752.868624
252.724,20,753.157654
285.6325,20,753.465168
361.4965,20,753.795933
338.5465,20,754.111671
58,20,754.404454
254.193,20,754.714712
68,20,755.007857
242.4645,20,755.306763
70,20,756.652778
62,20,756.935426
241.694,20,757.209479
302.294,20,757.522094
84,20,757.811862
74,20,758.110839
273.313,20,758.404273
278.37,20,758.725323
78,20,759.060029
238.755,20,759.364057
62,20,759.679519
245.5035,20,759.989233
343.87675,20,760.306288
318.5575,20,760.650262
269.8765,20,760.928261
233.2745,20,761.244562
239.748,20,761.575093
74,20,761.836258
229.1145,20,762.153594
78,20,762.450158
134.10425,20,762.738114
58,20,763.01648
275.41925,20,763.332491
285.1825,20,763.617254
237.8175,20,763.924531
90,20,764.223492
74,20,764.521256
282.7535,20,764.802549
288.3675,20,765.151659
62,20,765.445373
258.359,20,765.768762
240.39175,20,766.071058
262.7775,20,766.385005
288.1475,20,766.712922
308.331,20,767.04296
80,20,767.327214
80,20,767.611491
265.98925,20,767.898822
74,20,768.185558
80,20,768.469241
284.2155,20,768.749756
230.459,20,769.067486
335.3375,20,769.401649
78,20,769.685533
370.88,20,769.988681
131.5445,20,770.261457
284.1215,20,770.543274
62,20,770.840754
64,20,771.140399
270.5835,20,771.408259
152.872,20,771.695719
272.782,20,771.994931
261.908,20,772.295653
234.5945,20,772.573393
277.6835,20,772.907573
68,20,773.181948
74,20,773.458923
257.711,20,773.74222
64,20,774.036899
289.362,20,774.353803
64,20,774.63506
62,20,774.917708
283.21925,20,775.219565
316.177,20,775.541981
58,20,775.814744
305.2825,20,776.117001
398.3035,20,776.453008
239.9805,20,776.750626
250.5405,20,777.018903
244.132,20,777.319538
244.394,20,777.610802
84,20,777.909961
251.2865,20,778.220885
347.9085,20,778.513055
275.223,20,778.806109
310.714,20,779.122165
248.5825,20,779.403101
64,20,779.717161
62,20,780.009424
68,20,780.29236
281.807,20,780.614631
259.7235,20,780.900295
251.5675,20,781.183442
243.0035,20,781.494165
339.4075,20,781.804203
307.454,20,782.117939
264.527,20,782.440867
129.029,20,782.74893
58,20,783.050185
283.6255,20,783.35235
74,20,783.637972
169.38925,20,783.963845
68,20,784.258301
265.488,20,784.576508
294.051,20,784.873195
295.877,20,785.207965
279.718,20,785.50661
74,20,785.82024
64,20,786.12455
166.09075,20,786.405943
267.4725,20,786.69268
234.756,20,787.028542
225.7375,20,787.326781
