#{"t_start": 1677035652.4037328, "env_id": "gym_cell/cg-v0"}
r,l,t
216.33625,20,1.663357
46,20,1.95854
72,20,2.299785
314.18375,20,2.601779
60,20,2.88596
72,20,3.247114
58,20,3.512564
72,20,3.800413
294.5915,20,4.081912
84,20,4.335176
42,20,4.657647
263.613,20,4.961477
102.3195,20,5.197235
74,20,5.522903
10,20,5.798782
4,20,6.063596
56,20,6.379125
208.631,20,6.635899
263.7655,20,6.894238
48,20,7.187266
-20,20,7.412801
191.0785,20,7.661661
16,20,8.005511
30,20,8.26584
205.24675,20,8.545074
222.0525,20,8.845629
78,20,9.179858
252.31375,20,9.463981
153.42575,20,9.744652
344.61725,20,10.073955
233.472,20,10.345469
-30,20,10.580103
257.6715,20,10.865102
54,20,11.110093
0,20,11.391144
244.7375,20,11.738439
-100,20,11.950466
78,20,12.280854
168.01725,20,12.564224
272.325,20,12.871075
38,20,13.168192
245.538,20,13.425152
84,20,13.727385
28,20,14.029788
52,20,14.306647
48,20,14.584688
68,20,14.880998
223.99775,20,15.123635
299.142,20,15.410756
12,20,15.700418
50,20,16.030679
193.42,20,16.267881
311.61925,20,16.600164
34,20,16.908425
143.7165,20,17.213996
213.99125,20,17.521297
233.769,20,17.787336
44,20,18.018462
40,20,18.347756
74,20,18.687987
30,20,19.018248
90,20,19.263489
307.69025,20,19.563293
58,20,19.822365
68,20,20.117569
298.2405,20,20.412458
80,20,20.642216
218.631,20,20.924399
52,20,21.199635
273.41525,20,21.475339
46,20,21.783928
181.1885,20,22.068764
38,20,22.322158
62,20,22.623347
38,20,22.905469
38,20,23.20433
60,20,23.440141
70,20,23.679297
58,20,23.981418
48,20,24.245724
245.8345,20,24.558088
286.832,20,24.867968
72,20,25.160134
42,20,25.419184
306.59675,20,25.713438
249.141,20,26.031424
54,20,26.288666
221.90875,20,26.553134
233.2075,20,26.827263
62,20,27.152424
14,20,27.394438
84,20,27.634408
42,20,27.898298
30,20,28.16605
68,20,28.492311
159.9875,20,28.764125
205.7375,20,29.056799
54,20,29.370345
107.70875,20,29.627156
56,20,29.939956
-10,20,30.170944
226.66475,20,30.468909
44,20,31.815166
44,20,32.13316
113.2825,20,32.389094
66,20,32.730284
78,20,32.978699
270.106,20,33.273237
52,20,33.568197
90,20,33.840245
245.69775,20,34.111921
78,20,34.419925
10,20,34.670996
283.3825,20,34.9816
218.2615,20,35.269402
275.1725,20,35.567218
40,20,35.824321
60,20,36.081564
282.8255,20,36.379257
236.961,20,36.677216
223.05375,20,36.939235
84,20,37.254009
244.5455,20,37.501872
38,20,37.741575
32,20,38.031345
324.058,20,38.348983
28,20,38.613817
307.1505,20,38.895495
56,20,39.205391
314.0195,20,39.487769
90,20,39.806869
231.99375,20,40.084231
42,20,40.411802
262.6985,20,40.701475
252.71575,20,41.014969
211.5795,20,41.31551
30,20,41.581111
343.4045,20,41.91721
56,20,42.182519
46,20,42.480367
36,20,42.788208
68,20,43.106762
84,20,43.420036
52,20,43.686729
272.6185,20,43.966375
251.943,20,44.268016
50,20,44.520176
64,20,44.822956
236.363,20,45.134708
84,20,45.38733
22,20,45.735594
140.3925,20,46.010839
74,20,46.282931
217.202,20,46.537986
54,20,46.79252
68,20,47.064814
194.6365,20,47.320348
198.1985,20,47.585733
30,20,47.861119
66,20,48.193482
64,20,48.451402
20,20,48.687476
200.606,20,48.936883
253.70725,20,49.19822
74,20,49.436223
151.81875,20,49.72474
292.717,20,50.029645
224.3335,20,50.361619
265.61425,20,50.667996
70,20,50.950976
58,20,51.262885
235.9875,20,51.524465
90,20,51.773173
269.6405,20,52.055269
58,20,52.325524
309.3465,20,52.651586
64,20,52.922736
300.7005,20,53.235599
90,20,53.487634
60,20,53.787689
90,20,54.036387
271.429,20,54.303616
148.67525,20,54.574218
78,20,54.848295
247.3935,20,55.140499
44,20,55.470152
72,20,55.736551
42,20,56.041205
62,20,56.356367
58,20,56.676439
214.376,20,57.014754
78,20,57.283695
42,20,57.583145
54,20,57.848533
66,20,58.16571
84,20,58.430632
58,20,58.707557
44,20,58.975708
305.84,20,59.277593
257.067,20,59.558756
48,20,59.894923
217.4705,20,60.202364
223.64125,20,60.47929
62,20,60.737624
254.988,20,62.131264
226.42925,20,62.398229
68,20,62.723813
228.751,20,63.047884
159.8955,20,63.356031
147.892,20,63.611358
297.604,20,63.927487
80,20,64.209179
288.66,20,64.491245
48,20,64.76863
352.8245,20,65.076447
257.5225,20,65.351684
78,20,65.6514
64,20,65.917776
74,20,66.235475
242.4365,20,66.527344
296.829,20,66.824674
289.847,20,67.114746
72,20,67.377583
54,20,67.682986
54,20,67.955783
74,20,68.27182
268.3775,20,68.61981
270.511,20,68.938402
38,20,69.275049
361.0735,20,69.593787
84,20,69.874872
285.31,20,70.168603
48,20,70.46707
18,20,70.741841
331.84425,20,71.082236
297.86275,20,71.385993
244.6675,20,71.690405
72,20,71.971289
78,20,72.261078
262.9125,20,72.535462
301.763,20,72.862834
353.1975,20,73.19519
254.24025,20,73.447881
28,20,73.719967
158.12225,20,74.089206
338.6565,20,74.415308
256.003,20,74.739497
32,20,75.033907
66,20,75.390217
344.185,20,75.744646
74,20,76.007371
136.9055,20,76.307027
214.2805,20,76.656367
264.31525,20,76.938733
140.494,20,77.221943
155.44525,20,77.550838
269.914,20,77.855755
253.6985,20,78.156805
22,20,78.439422
68,20,78.754844
34,20,79.0171
241.13125,20,79.291326
48,20,79.567223
78,20,79.88826
62,20,80.174238
229.6315,20,80.481497
72,20,80.809533
283.4635,20,81.109479
297.834,20,81.392043
280.0015,20,81.696701
58,20,81.975204
68,20,82.26256
357.043,20,82.544355
295.7725,20,82.834491
78,20,83.151125
238.27675,20,83.470935
158.157,20,83.724492
324.8405,20,83.992555
62,20,84.30561
12,20,84.591387
62,20,84.893867
280.521,20,85.191753
284.05825,20,85.485303
84,20,85.766817
242.7555,20,86.056897
286.11775,20,86.328878
58,20,86.642292
260.69975,20,86.940022
238.391,20,87.251487
149.4515,20,87.592804
32,20,87.898043
64,20,88.156847
265.734,20,88.455918
38,20,88.720952
56,20,89.03491
317.4355,20,89.360228
70,20,89.664031
34,20,89.960347
68,20,90.249763
68,20,90.528303
52,20,90.828561
70,20,91.116768
304.9375,20,91.432317
68,20,91.712006
78,20,92.007799
74,20,92.295983
294.436,20,92.649977
334.313,20,94.02603
326.414,20,94.341876
259.673,20,94.605199
327.405,20,94.920016
64,20,95.221798
251.47725,20,95.477683
64,20,95.77561
256.22725,20,96.079705
220.8415,20,96.352882
232.775,20,96.683698
234.007,20,96.975179
236.9035,20,97.238296
68,20,97.557569
253.91375,20,97.854796
56,20,98.166817
72,20,98.474239
236.2145,20,98.757821
272.356,20,99.066425
62,20,99.415195
274.348,20,99.688966
68,20,99.98453
232.601,20,100.269058
304.58975,20,100.579813
429.1845,20,100.933987
74,20,101.208657
243.1615,20,101.489897
90,20,101.782047
80,20,102.049691
313.9465,20,102.413476
252.165,20,102.697068
288.325,20,102.968462
233.844,20,103.290443
256.88,20,103.594129
278.286,20,103.930739
227.179,20,104.227774
233.5205,20,104.510987
68,20,104.772222
171.73825,20,105.062413
334.812,20,105.37819
245.996,20,105.680318
62,20,105.972273
325.0255,20,106.270641
272.37,20,106.554502
255.3075,20,106.847228
215.5325,20,107.140583
216.745,20,107.413304
80,20,107.655829
231.827,20,107.941199
54,20,108.220932
68,20,108.5338
272.019,20,108.803819
279.3575,20,109.090802
225.079,20,109.352491
258.559,20,109.62979
287.6565,20,109.909274
64,20,110.202717
64,20,110.478374
251.6285,20,110.813453
78,20,111.121205
64,20,111.400269
74,20,111.659466
266.32875,20,111.964368
68,20,112.276469
290.758,20,112.584194
331.7925,20,112.876731
325.7725,20,113.196266
74,20,113.471586
84,20,113.752201
70,20,114.010789
313.3905,20,114.313214
48,20,114.614932
223.91,20,114.930635
359.03975,20,115.24309
70,20,115.51206
80,20,115.774521
30,20,116.030716
296.77625,20,116.326075
24,20,116.570886
456.3575,20,116.937662
310.5425,20,117.243908
276.727,20,117.574312
353.75025,20,117.862487
238.565,20,118.162158
307.5435,20,118.487044
263.4655,20,118.790253
58,20,119.075658
64,20,119.33942
250.11925,20,119.614909
24,20,119.876148
58,20,120.160377
292.3935,20,120.490153
307.8505,20,120.76737
329.4595,20,121.07846
18,20,121.352263
130.06725,20,121.595192
-20,20,121.84637
262.147,20,122.133671
257.96575,20,122.417309
48,20,122.668383
137.16,20,122.923857
295.471,20,123.195691
256.927,20,123.499936
70,20,124.882702
285.84,20,125.178729
84,20,125.493133
313.762,20,125.826158
330.77175,20,126.114544
238.82625,20,126.418917
90,20,126.710269
289.4905,20,126.98597
70,20,127.252443
305.62825,20,127.559144
272.509,20,127.869538
64,20,128.222505
324.7045,20,128.538939
251.544,20,128.798074
62,20,129.07804
233.63925,20,129.40414
226.8145,20,129.708687
259.838,20,130.009295
307.5655,20,130.321055
316.842,20,130.639628
246.5915,20,130.922015
371.958,20,131.229911
277.6385,20,131.533164
313.8605,20,131.85155
52,20,132.15852
56,20,132.4366
255.267,20,132.725245
74,20,133.009396
58,20,133.267989
258.4795,20,133.543264
243.946,20,133.806232
334.773,20,134.167832
402.8705,20,134.524502
221.81475,20,134.787346
266.045,20,135.105859
150.7805,20,135.384054
70,20,135.647706
48,20,135.943375
267.8285,20,136.254817
352.68875,20,136.574602
232.4285,20,136.858161
58,20,137.174037
50,20,137.498611
275.66525,20,137.78575
352.455,20,138.111102
281.2595,20,138.42291
78,20,138.70675
50,20,138.993657
48,20,139.27133
62,20,139.582959
227.8605,20,139.890225
343.316,20,140.20807
299.12125,20,140.510059
142.98025,20,140.804927
84,20,141.097504
36,20,141.392721
265.93,20,141.67574
52,20,141.966533
208.5875,20,142.224782
74,20,142.532659
238.15,20,142.855844
263.33025,20,143.148512
268.846,20,143.47832
229.907,20,143.736961
157.50125,20,144.003426
286.736,20,144.302007
295.1805,20,144.603596
68,20,144.889622
74,20,145.196814
24,20,145.479974
147.65625,20,145.755037
243.248,20,146.053022
436.952,20,146.408485
68,20,146.685961
48,20,146.954166
371.16525,20,147.273458
231.9275,20,147.566015
84,20,147.869259
289.613,20,148.17375
228.25,20,148.494904
357.3075,20,148.824079
48,20,149.114558
273.959,20,149.443533
288.588,20,149.761114
249.495,20,150.063276
42,20,150.372294
254.4995,20,150.630306
362.30075,20,150.93001
52,20,151.205244
243.02375,20,151.488638
225.8475,20,151.789704
52,20,152.09456
72,20,152.406677
286.0225,20,152.696954
151.852,20,152.996503
42,20,153.298698
64,20,153.578496
66,20,153.850119
265.178,20,154.148157
80,20,154.434346
289.437,20,154.786205
226.438,20,155.062313
68,20,155.323864
287.665,20,156.701788
60,20,156.95046
231.65175,20,157.216899
278.1945,20,157.502728
228.498,20,157.772738
327.8345,20,158.077468
80,20,158.355988
295.802,20,158.660116
70,20,158.931516
162.1255,20,159.201639
64,20,159.481139
261.8355,20,159.781593
227.86525,20,160.066845
291.961,20,160.368986
90,20,160.653826
78,20,160.953965
260.065,20,161.266361
293.0745,20,161.567442
283.885,20,161.905332
137.5165,20,162.197502
74,20,162.47446
78,20,162.752196
236.1895,20,163.025935
68,20,163.285232
270.2295,20,163.591906
172.26375,20,163.857436
211.181,20,164.132742
62,20,164.436587
231.4415,20,164.735671
290.1585,20,165.032525
64,20,165.326352
225.1475,20,165.615417
74,20,165.91791
151.87775,20,166.183845
233.5785,20,166.469313
276.204,20,166.761611
72,20,167.043914
323.146,20,167.348267
245.92825,20,167.662483
330.6545,20,167.983925
140.3055,20,168.254316
74,20,168.569104
64,20,168.845702
90,20,169.12171
262.0835,20,169.410547
289.5565,20,169.721606
254.933,20,170.018599
232.283,20,170.294774
84,20,170.576071
68,20,170.851813
248.2015,20,171.126544
302.42,20,171.413148
68,20,171.684895
333.1755,20,171.997073
68,20,172.264632
258.9045,20,172.567329
261.4225,20,172.864123
58,20,173.176264
224.7505,20,173.453266
74,20,173.710406
282.35,20,174.007256
72,20,174.286359
135.94325,20,174.543383
321.0935,20,174.832337
191.1595,20,175.122932
232.757,20,175.449903
195.4385,20,175.705032
52,20,175.996843
52,20,176.30083
244.4415,20,176.582492
293.34625,20,176.898215
255.0855,20,177.159717
28,20,177.431406
363.657,20,177.721279
102.91675,20,177.976996
307.169,20,178.278383
235.874,20,178.585396
58,20,178.879534
258.2995,20,179.234472
283.244,20,179.530842
68,20,179.792425
238.084,20,180.059924
268.9395,20,180.342078
318.0075,20,180.680005
74,20,180.96943
54,20,181.241893
90,20,181.52345
337.516,20,181.813238
84,20,182.129466
279.736,20,182.461581
292.4395,20,182.779785
159.97325,20,183.035186
48,20,183.299946
291.633,20,183.583238
208.205,20,183.879833
275.2755,20,184.174505
235.05775,20,184.467102
242.1825,20,184.788116
226.82775,20,185.113332
261.6955,20,185.450505
385.054,20,185.797951
201.247,20,186.086505
227.7115,20,187.446386
80,20,187.767107
349.81,20,188.105585
62,20,188.390928
246.486,20,188.687778
225.568,20,189.002283
226.09225,20,189.307992
294.2805,20,189.629165
149.96275,20,189.942314
58,20,190.236803
260.79575,20,190.533852
218.248,20,190.890536
242.93025,20,191.16135
68,20,191.452055
74,20,191.758369
259.26925,20,192.028599
228.14,20,192.322546
300.754,20,192.591201
332.5665,20,192.898354
74,20,193.205908
50,20,193.489821
84,20,193.82693
284.6315,20,194.117356
266.275,20,194.423594
44,20,194.739715
231.999,20,195.016038
72,20,195.347365
280.8245,20,195.643973
64,20,195.918564
294.5275,20,196.236589
344.4295,20,196.549902
54,20,196.822383
90,20,197.150272
255.204,20,197.457244
274.1365,20,197.742959
290.53125,20,198.077091
302.8715,20,198.407119
90,20,198.704221
281.3345,20,199.011381
299.3555,20,199.340827
227.47975,20,199.617437
268.337,20,199.948338
241.323,20,200.219632
78,20,200.508484
234.5855,20,200.792178
90,20,201.06742
74,20,201.356895
277.106,20,201.649333
242.4655,20,201.955624
402.3075,20,202.291861
248.7895,20,202.620049
317.975,20,202.934359
152.87425,20,203.239973
279.0085,20,203.518493
68,20,203.805436
240.5725,20,204.140528
227.32,20,204.448978
300.52925,20,204.767734
68,20,205.094903
245.948,20,205.42023
256.6335,20,205.754983
279.3465,20,206.06104
303.1885,20,206.366574
294.504,20,206.657289
74,20,206.944864
232.283,20,207.233868
230.8645,20,207.531584
58,20,207.832759
58,20,208.091398
297.7295,20,208.402912
247.861,20,208.701645
285.4525,20,209.034625
248.5105,20,209.305303
259.4205,20,209.603062
297.9445,20,209.911598
298.9655,20,210.224169
84,20,210.543438
74,20,210.867619
68,20,211.198167
62,20,211.515187
272.7615,20,211.804865
78,20,212.102525
72,20,212.387922
238.88,20,212.691538
74,20,212.975786
354.162,20,213.282999
232.908,20,213.593986
78,20,213.891444
271.49375,20,214.177869
273.485,20,214.497011
247.762,20,214.787833
234.9715,20,215.090903
309.62875,20,215.410016
263.157,20,215.69995
210.086,20,216.015542
258.4055,20,216.316504
70,20,216.601439
237.013,20,216.901348
66,20,217.239304
119.14475,20,217.516811
235.97525,20,217.772047
230.24,20,218.096968
343.02875,20,219.492466
219.2685,20,219.774244
62,20,220.061134
58,20,220.383492
255.07075,20,220.69202
80,20,220.973888
64,20,221.247728
74,20,221.530671
84,20,221.858763
74,20,222.165776
306.945,20,222.504937
260.451,20,222.821938
284.8985,20,223.142347
216.45,20,223.422362
72,20,223.716981
225.3265,20,223.978328
239.1685,20,224.252067
282.544,20,224.581015
341.118,20,224.890706
225.9995,20,225.186786
305.41825,20,225.503108
259.55025,20,225.774639
220.614,20,226.081825
52,20,226.36006
72,20,226.665899
300.8175,20,226.975031
266.7895,20,227.263958
54,20,227.541373
249.684,20,227.823259
284.793,20,228.133007
58,20,228.401115
246.8125,20,228.705627
212.593,20,228.980946
38,20,229.250953
218.454,20,229.555694
68,20,229.849406
313.6715,20,230.190318
62,20,230.460746
68,20,230.765565
289.0355,20,231.110705
160.31325,20,231.387099
289.303,20,231.695867
256.723,20,232.000349
58,20,232.279225
78,20,232.565388
64,20,232.841837
231.4195,20,233.131772
62,20,233.409107
293.727,20,233.700407
263.0895,20,234.023219
235.0285,20,234.305928
246.3815,20,234.622779
44,20,234.872313
72,20,235.174869
285.49,20,235.447121
345.6515,20,235.781478
254.125,20,236.060061
257.748,20,236.355287
246.84,20,236.633216
62,20,236.931616
64,20,237.214369
252.6075,20,237.509794
167.73825,20,237.827356
232.3855,20,238.13223
262.6705,20,238.426299
84,20,238.690628
316.374,20,239.020103
244.927,20,239.29349
60,20,239.569947
243.4645,20,239.861008
250.2375,20,240.145364
249.9575,20,240.478254
239.2905,20,240.780573
250.413,20,241.113686
255.682,20,241.417239
302.421,20,241.737929
214.1205,20,242.016053
54,20,242.306327
64,20,242.607255
254.796,20,242.875602
68,20,243.156476
68,20,243.454087
286.626,20,243.769899
58,20,244.031801
304.9375,20,244.354892
281.336,20,244.647036
140.252,20,244.93619
68,20,245.246933
236.827,20,245.548233
239.0635,20,245.905402
209.2765,20,246.216703
62,20,246.529294
68,20,246.847717
272.8485,20,247.117555
264.499,20,247.427287
248.098,20,247.71596
74,20,248.031148
300.7845,20,248.34712
249.552,20,248.672783
259.214,20,248.995136
244.986,20,249.299308
262.60675,20,249.565135
143.0365,20,249.872696
70,20,251.228094
68,20,251.532053
68,20,251.832398
249.4465,20,252.165089
324.1755,20,252.460284
74,20,252.739961
70,20,253.016698
58,20,253.297849
246.3865,20,253.607089
243.1465,20,253.879688
249.83,20,254.198073
74,20,254.489733
262.672,20,254.804385
162.34125,20,255.100096
247.784,20,255.393466
339.059,20,255.723456
78,20,256.040238
64,20,256.312921
285.5175,20,256.630629
246.484,20,256.927301
312.397,20,257.240954
64,20,257.539937
78,20,257.851547
309.8145,20,258.147722
84,20,258.454097
272.7515,20,258.727699
269.832,20,259.009069
260.8925,20,259.311918
54,20,259.593696
277.005,20,259.882001
310.78275,20,260.198017
267.96,20,260.497085
74,20,260.787381
68,20,261.065019
251.835,20,261.372592
256.077,20,261.67504
289.9765,20,261.98682
268.0645,20,262.282162
90,20,262.552501
301.867,20,262.864256
341.2635,20,263.167395
302.4185,20,263.46597
233.8945,20,263.744427
265.56,20,264.019465
340.9835,20,264.315899
68,20,264.65917
239.963,20,264.978798
257.2685,20,265.271219
282.707,20,265.57262
226.2345,20,265.885723
297.33975,20,266.187253
56,20,266.497249
62,20,266.801983
80,20,267.094764
290.7095,20,267.403373
226.7365,20,267.689174
72,20,267.992864
243.6485,20,268.294073
74,20,268.572635
84,20,268.882625
84,20,269.155067
306.273,20,269.465144
246.4775,20,269.74741
309.3525,20,270.084978
74,20,270.39919
68,20,270.703753
317.5735,20,271.030709
215.93025,20,271.304936
272.4645,20,271.588337
206.1905,20,271.864565
74,20,272.161469
78,20,272.462857
78,20,272.738714
258.8355,20,273.080451
74,20,273.379107
74,20,273.676731
299.76825,20,273.987808
308.434,20,274.313087
305.863,20,274.597945
236.1855,20,274.880739
240.303,20,275.163353
225.08025,20,275.448905
261.7485,20,275.785427
74,20,276.09082
133.53075,20,276.37699
250.386,20,276.674763
286.541,20,276.990363
214.186,20,277.284658
269.83,20,277.569963
52,20,277.835309
297.2475,20,278.167589
301.4105,20,278.507363
84,20,278.80291
70,20,279.083411
285.321,20,279.38838
64,20,279.678122
244.96,20,279.973356
64,20,280.247429
319.5165,20,280.545063
259.745,20,280.870661
64,20,281.153919
246.9125,20,281.435413
74,20,282.790889
277.616,20,283.129383
286.495,20,283.459246
74,20,283.750337
62,20,284.05774
267.8565,20,284.350971
283.8885,20,284.678852
333.9395,20,285.012845
80,20,285.313657
376.872,20,285.646289
62,20,285.944942
74,20,286.224489
68,20,286.50342
261.966,20,286.818719
279.281,20,287.137611
261.5795,20,287.429425
333.6345,20,287.754276
58,20,288.007134
355.6,20,288.320511
68,20,288.633099
64,20,288.936083
236.0915,20,289.236151
240.5585,20,289.515115
68,20,289.817704
323.2275,20,290.130954
253.46275,20,290.437995
270.001,20,290.755836
44,20,291.056241
337.856,20,291.380337
249.664,20,291.688738
247.0805,20,291.98827
74,20,292.270106
230.054,20,292.571328
84,20,292.857214
316.9175,20,293.167852
259.5615,20,293.531673
270.2985,20,293.815326
285.0515,20,294.097631
259.0665,20,294.426339
234.9345,20,294.746284
239.34725,20,295.044003
64,20,295.34012
247.01,20,295.624542
333.57,20,295.937807
232.5885,20,296.216843
274.818,20,296.495917
80,20,296.806255
225.9515,20,297.109624
80,20,297.413728
249.8865,20,297.705899
74,20,298.005695
288.5205,20,298.30781
324.543,20,298.619924
207.1,20,298.909214
339.101,20,299.219302
365.2185,20,299.538626
234.6595,20,299.855353
222.7855,20,300.144469
290.74,20,300.431572
371.1875,20,300.771677
345.238,20,301.074914
260.3765,20,301.397889
62,20,301.671086
64,20,301.97493
68,20,302.282397
74,20,302.587832
253.552,20,302.87454
291.2525,20,303.177065
242.129,20,303.492095
280.483,20,303.795935
264.224,20,304.087874
263.299,20,304.397287
74,20,304.674487
329.484,20,304.985019
226.732,20,305.294846
252.788,20,305.594497
62,20,305.870184
74,20,306.18631
68,20,306.468236
319.4855,20,306.800662
62,20,307.106202
78,20,307.395163
274.554,20,307.692808
64,20,307.983119
290.05925,20,308.281389
246.077,20,308.57861
260.115,20,308.899088
313.716,20,309.221946
270.1545,20,309.544707
249.9435,20,309.848524
74,20,310.135769
90,20,310.447407
74,20,310.750699
251.8495,20,311.039768
240.33875,20,311.330313
74,20,311.612575
250.135,20,311.930975
208.941,20,312.210191
78,20,312.50367
143.2405,20,312.788557
301.7185,20,313.078245
238.782,20,313.372973
48,20,313.647737
280.789,20,315.060357
292.87,20,315.361728
304.318,20,315.685956
237.7195,20,315.960976
277.93525,20,316.278869
316.2335,20,316.596221
74,20,316.889477
251.5285,20,317.221014
74,20,317.506527
267.329,20,317.832754
80,20,318.114975
243.3865,20,318.406497
227.959,20,318.749311
342.1015,20,319.069016
278.783,20,319.376329
74,20,319.656199
239.3465,20,319.96472
302.251,20,320.303249
273.189,20,320.593151
80,20,320.8873
219.55925,20,321.172719
389.7135,20,321.499882
300.546,20,321.816118
331.197,20,322.141131
380.8765,20,322.462556
58,20,322.763244
220.74875,20,323.091025
58,20,323.400201
292.872,20,323.725116
232.91,20,324.011686
162.777,20,324.299177
52,20,324.605443
288.605,20,324.914226
227.866,20,325.18977
64,20,325.500346
266.9225,20,325.797393
246.0675,20,326.107304
70,20,326.387732
70,20,326.690459
279.663,20,327.002889
68,20,327.286852
270.4225,20,327.578171
286.9575,20,327.875028
301.3085,20,328.226256
74,20,328.514915
80,20,328.801549
314.317,20,329.130955
251.9695,20,329.417549
288.095,20,329.709291
60,20,329.986504
304.1895,20,330.301104
74,20,330.57074
239.9695,20,330.882784
214.9445,20,331.155812
90,20,331.470666
251.9545,20,331.767883
335.4485,20,332.084126
252.045,20,332.385619
404.499,20,332.721889
235.894,20,333.025691
334.8075,20,333.359801
74,20,333.660871
74,20,333.939901
253.6825,20,334.25968
62,20,334.541678
289.9865,20,334.854959
263.9405,20,335.154075
74,20,335.428465
80,20,335.736219
345.8425,20,336.067207
64,20,336.343903
62,20,336.648584
225.4685,20,336.938619
386.8595,20,337.282973
270.8745,20,337.607887
68,20,337.863866
165.321,20,338.155952
252.2855,20,338.439099
246.0005,20,338.732322
70,20,338.998903
328.151,20,339.328205
74,20,339.608849
68,20,339.913848
254.3215,20,340.199287
58,20,340.518011
331.6625,20,340.836699
262.74,20,341.138341
261.524,20,341.455134
293.138,20,341.790676
220.297,20,342.085273
338.149,20,342.41329
324.1055,20,342.728498
90,20,343.030977
300.7895,20,343.362771
264.556,20,343.662842
268.437,20,343.958785
54,20,344.265856
333.199,20,344.580724
68,20,344.898706
271.785,20,345.1919
68,20,345.499249
72,20,345.807112
287.303,20,347.228055
261.732,20,347.524694
68,20,347.790259
300.75275,20,348.119714
254.91325,20,348.422837
68,20,348.711365
70,20,348.986438
274.15,20,349.295545
295.1465,20,349.61615
62,20,349.935536
279.8565,20,350.252263
32,20,350.541833
294.7215,20,350.820352
274.602,20,351.15793
158.26125,20,351.468203
239.338,20,351.73901
323.072,20,352.063158
272.6335,20,352.357905
70,20,352.681865
278.559,20,352.993845
265.4405,20,353.293316
358.021,20,353.635987
74,20,353.91346
247.2485,20,354.216124
231.246,20,354.49293
64,20,354.772992
284.7575,20,355.085384
271.2035,20,355.37732
270.615,20,355.670247
90,20,355.995744
252.67775,20,356.298234
259.606,20,356.590241
60,20,356.883513
289.128,20,357.185613
296.508,20,357.478313
68,20,357.798229
207.088,20,358.08253
278.101,20,358.385408
247.859,20,358.686158
302.965,20,359.006919
287.3205,20,359.333395
68,20,359.617301
305.828,20,359.922543
74,20,360.202287
302.552,20,360.500028
316.2635,20,360.810406
309.97725,20,361.131407
449.502,20,361.491122
274.4365,20,361.782676
222.292,20,362.087249
312.95,20,362.412688
74,20,362.706627
223.457,20,362.976425
68,20,363.274141
368.7665,20,363.593415
235.239,20,363.883776
269.341,20,364.171185
262.0535,20,364.459669
237.423,20,364.755346
338.293,20,365.077557
261.928,20,365.379748
314.172,20,365.683788
239.276,20,365.996231
289.6,20,366.30418
254.2495,20,366.640253
64,20,366.907033
68,20,367.196205
346.629,20,367.523477
243.70725,20,367.801724
256.2445,20,368.117934
282.9605,20,368.426969
70,20,368.746927
373.8955,20,369.088072
234.918,20,369.371516
70,20,369.676474
383.07875,20,370.025775
295.506,20,370.335898
80,20,370.666469
272.4685,20,370.970233
74,20,371.309391
74,20,371.600622
337.30675,20,371.935921
68,20,372.253285
268.0605,20,372.539531
272.261,20,372.836817
390.93,20,373.181246
299.75,20,373.520687
68,20,373.822893
74,20,374.111974
241.681,20,374.403616
68,20,374.710134
157.66325,20,375.006997
80,20,375.295225
68,20,375.585089
74,20,375.90375
248.751,20,376.20353
256.418,20,376.524212
271.1475,20,376.833417
258.604,20,377.138053
224.004,20,377.445437
309.5545,20,377.745234
271.2965,20,378.038885
60,20,379.433787
286.053,20,379.716326
292.602,20,380.024555
346.283,20,380.336149
334.3525,20,380.634494
74,20,380.926436
226.0465,20,381.194683
302.3395,20,381.524203
230.3235,20,381.810807
257.621,20,382.071407
266.6595,20,382.351747
291.169,20,382.650424
246.4095,20,382.982181
244.871,20,383.291109
291.753,20,383.575562
294.8745,20,383.888095
74,20,384.182412
259.853,20,384.502159
319.8685,20,384.804559
273.742,20,385.102465
262.3545,20,385.42473
265.474,20,385.714826
372.47375,20,386.070742
228.6765,20,386.372791
324.5295,20,386.663415
70,20,386.951998
74,20,387.216515
333.621,20,387.532149
58,20,387.811369
241.0455,20,388.10937
70,20,388.401809
257.77,20,388.732375
68,20,389.028565
80,20,389.315597
138.7235,20,389.618572
263.853,20,389.921424
245.52675,20,390.214987
237.364,20,390.503492
250.2785,20,390.829262
352.135,20,391.145806
234.112,20,391.448556
74,20,391.726158
74,20,392.022662
251.4735,20,392.351185
247.853,20,392.681497
261.5255,20,392.993426
257.6495,20,393.286996
237.8055,20,393.629532
64,20,393.901506
249.873,20,394.209583
249.7625,20,394.498512
222.965,20,394.790339
74,20,395.0958
74,20,395.40278
229.458,20,395.687293
230.409,20,395.979731
309.275,20,396.308075
266.5395,20,396.610425
308.0235,20,396.906804
84,20,397.210154
74,20,397.504479
68,20,397.789909
74,20,398.105202
74,20,398.446522
324.35825,20,398.751962
258.85725,20,399.045092
84,20,399.332196
64,20,399.626427
226.6625,20,399.930938
263.542,20,400.234822
311.103,20,400.574848
54,20,400.860522
310.8815,20,401.164176
210.6805,20,401.45323
264.624,20,401.781075
302.934,20,402.091611
314.6985,20,402.429428
283.62825,20,402.74638
252.372,20,403.050963
325.9365,20,403.376632
216.297,20,403.700705
58,20,403.989643
260.6125,20,404.29374
74,20,404.587464
411.1505,20,404.916164
68,20,405.231681
239.3335,20,405.535687
231.5535,20,405.819821
80,20,406.115525
68,20,406.392504
84,20,406.686485
64,20,406.983822
234.708,20,407.297494
431.71,20,407.637522
74,20,407.919095
280.97,20,408.215936
269.752,20,408.560602
229.3585,20,408.87571
397.185,20,409.222785
306.46,20,409.535706
58,20,409.827603
156.669,20,410.128748
248.809,20,410.420533
217.5265,20,411.799951
84,20,412.123166
354.971,20,412.423059
58,20,412.717592
286.254,20,413.037796
254.2575,20,413.325841
294.446,20,413.638011
58,20,413.926681
282.45875,20,414.225258
314.6045,20,414.575866
290.889,20,414.89057
74,20,415.205462
243.828,20,415.496032
222.8985,20,415.781973
238.046,20,416.088456
68,20,416.358283
240.527,20,416.683241
74,20,416.978107
262.1475,20,417.26273
74,20,417.571491
143.961,20,417.870735
274.442,20,418.15909
250.5725,20,418.451454
68,20,418.728372
78,20,419.047526
303.9765,20,419.357677
84,20,419.662112
269.486,20,419.935805
279.239,20,420.250161
257.2975,20,420.556921
247.1175,20,420.853779
268.1985,20,421.12849
273.4815,20,421.434928
290.813,20,421.742998
303.6465,20,422.076761
290.5345,20,422.389098
382.16625,20,422.739842
285.2805,20,423.074268
318.0475,20,423.387186
64,20,423.683496
254.6955,20,424.00434
78,20,424.292078
287.50125,20,424.614101
285.3865,20,424.915569
245.351,20,425.205049
307.2325,20,425.54613
166.7665,20,425.84789
341.523,20,426.17351
80,20,426.470541
270.9005,20,426.797416
243.2315,20,427.104348
74,20,427.414693
80,20,427.705483
70,20,428.007434
304.8765,20,428.314748
363.174,20,428.659105
56,20,428.959439
244.047,20,429.276426
318.837,20,429.578299
44,20,429.883784
60,20,430.18368
261.4535,20,430.480897
270.39,20,430.802124
311.9555,20,431.124269
291.325,20,431.42873
249.427,20,431.759946
264.3255,20,432.066752
286.8285,20,432.361195
283.6995,20,432.664463
324.2765,20,432.976676
225.838,20,433.273676
291.985,20,433.582454
62,20,433.889341
80,20,434.180317
146.67725,20,434.462825
361.5845,20,434.771387
249.106,20,435.077326
274.51225,20,435.386841
70,20,435.6657
270.55525,20,435.972986
325.7375,20,436.285424
74,20,436.570127
378.6705,20,436.88009
256.591,20,437.189349
231.483,20,437.500294
257.253,20,437.809697
281.0055,20,438.112971
275.8685,20,438.388587
265.509,20,438.689872
304.041,20,439.002648
267.556,20,439.287111
80,20,439.553183
321.0175,20,439.851097
240.038,20,440.150418
291.787,20,440.470469
74,20,440.761868
90,20,441.059814
68,20,441.363751
277.9375,20,441.668368
277.289,20,441.970203
233.283,20,442.258368
224.895,20,442.524682
288.906,20,443.914267
80,20,444.218319
233.3035,20,444.548294
257.589,20,444.847427
231.411,20,445.136576
349.781,20,445.467267
80,20,445.745849
74,20,446.041122
377.455,20,446.384432
298.294,20,446.681048
289.649,20,446.974821
232.55575,20,447.26943
302.2095,20,447.563358
74,20,447.832382
272.6715,20,448.149592
64,20,448.434788
84,20,448.731565
415.971,20,449.086268
234.168,20,449.395122
62,20,449.65905
74,20,449.938989
332.255,20,450.262761
336.9745,20,450.588683
60,20,450.890337
68,20,451.195372
238.266,20,451.48474
74,20,451.784732
232.048,20,452.079497
289.1695,20,452.385891
235.0435,20,452.712487
80,20,453.01679
263.8325,20,453.331302
222.044,20,453.646903
309.9635,20,453.996172
255.7865,20,454.321646
350.7675,20,454.670594
80,20,454.952422
281.9265,20,455.266977
280.991,20,455.599798
270.284,20,455.921258
269.9385,20,456.227079
306.487,20,456.514943
264.66575,20,456.843304
80,20,457.123211
62,20,457.399914
268.3145,20,457.7132
241.1985,20,458.017987
283.4645,20,458.331487
254.473,20,458.663778
249.39,20,458.94799
270.539,20,459.241046
62,20,459.539078
285.1645,20,459.854849
301.9105,20,460.181818
80,20,460.492327
74,20,460.799753
271.221,20,461.111379
287.577,20,461.423204
308.8575,20,461.732585
273.2785,20,462.025043
272.427,20,462.314523
68,20,462.606575
80,20,462.916274
325.748,20,463.234103
52,20,463.522069
267.0065,20,463.818887
235.51,20,464.111043
68,20,464.408007
254.9855,20,464.704792
329.5545,20,465.020454
241.753,20,465.310294
246.592,20,465.624765
302.548,20,465.954132
307.3155,20,466.261554
62,20,466.55215
225.1745,20,466.835496
235.9295,20,467.11506
222.507,20,467.433287
267.0735,20,467.730586
340.4895,20,468.049031
234.999,20,468.334749
68,20,468.612845
320.726,20,468.902499
287.2705,20,469.218446
64,20,469.515979
68,20,469.802936
303.6785,20,470.105097
265.93925,20,470.403396
338.409,20,470.741595
289.6735,20,471.064499
252.0685,20,471.38928
78,20,471.680621
80,20,471.977669
64,20,472.286579
215.465,20,472.571149
84,20,472.878946
74,20,473.184153
390.316,20,473.524204
306.954,20,473.840371
343.6285,20,474.187036
70,20,474.48384
80,20,474.772366
272.0875,20,475.106269
241.0945,20,476.481651
320.54,20,476.787611
254.239,20,477.099416
74,20,477.420435
247.853,20,477.728054
322.068,20,478.044554
298.214,20,478.378691
54,20,478.658235
74,20,478.933653
48,20,479.231876
246.14525,20,479.536372
74,20,479.816299
300.7385,20,480.10419
267.4825,20,480.437337
331.683,20,480.742956
80,20,481.040344
266.8485,20,481.350849
143.08775,20,481.654757
235.851,20,481.962325
303.6945,20,482.283082
74,20,482.578663
261.3915,20,482.866491
269.046,20,483.164842
74,20,483.449512
259.0085,20,483.750359
80,20,484.042368
234.4195,20,484.345853
346.752,20,484.690774
304.2115,20,485.023928
74,20,485.314904
304.078,20,485.640717
323.796,20,485.934372
238.384,20,486.218665
222.486,20,486.529816
316.5775,20,486.859666
231.0275,20,487.177609
292.247,20,487.509161
54,20,487.806606
80,20,488.090353
247.2245,20,488.432666
80,20,488.72276
293.0985,20,489.026954
289.483,20,489.357386
153.114,20,489.651018
311.9515,20,489.994696
248.769,20,490.309333
311.7595,20,490.620126
52,20,490.9392
74,20,491.224068
317.886,20,491.539252
291.9205,20,491.854107
68,20,492.158477
290.42475,20,492.475732
246.8785,20,492.791553
58,20,493.094857
283.024,20,493.381991
240.105,20,493.678067
338.372,20,493.997695
237.86225,20,494.318424
303.3735,20,494.620913
307.459,20,494.926861
285.7085,20,495.240905
283.6985,20,495.552247
271.8865,20,495.861522
303.6985,20,496.184129
351.312,20,496.502331
282.8265,20,496.806966
84,20,497.087717
279.082,20,497.409586
252.924,20,497.705602
318.8785,20,498.035662
301.827,20,498.352206
230.6295,20,498.647573
230.55725,20,498.961161
72,20,499.279984
84,20,499.58063
80,20,499.894935
64,20,500.197858
230.193,20,500.469836
60,20,500.740793
224.695,20,501.031429
315.371,20,501.344637
68,20,501.642981
303.176,20,501.934878
320.6775,20,502.258718
269.175,20,502.549783
68,20,502.850197
339.82425,20,503.184251
74,20,503.466879
273.9415,20,503.773704
286.1855,20,504.08005
232.7975,20,504.38303
80,20,504.686982
58,20,504.981161
319.426,20,505.320671
246.597,20,505.615031
282.391,20,505.91543
259.449,20,506.232415
64,20,506.535154
274.265,20,506.825262
203.789,20,507.109203
258.494,20,507.437864
74,20,508.818972
368.6655,20,509.139159
368.302,20,509.464832
346.405,20,509.748791
283.3945,20,510.066014
300.0635,20,510.382688
287.0215,20,510.692142
146.70075,20,510.99472
80,20,511.276097
68,20,511.586414
253.1125,20,511.866831
288.409,20,512.18483
332.052,20,512.506608
237.9515,20,512.786923
237.8635,20,513.094423
231.54,20,513.384711
322.118,20,513.716391
347.636,20,514.02827
64,20,514.315975
235.628,20,514.616231
279.1765,20,514.923255
80,20,515.224082
255.2045,20,515.525438
64,20,515.872464
242.7565,20,516.186844
64,20,516.452332
68,20,516.767941
244.2095,20,517.082166
68,20,517.411982
266.239,20,517.711637
64,20,517.997118
281.39525,20,518.312276
309.1475,20,518.623159
300.4985,20,518.943876
277.6235,20,519.249002
74,20,519.558182
155.40775,20,519.865957
80,20,520.163594
221.4025,20,520.461212
74,20,520.783675
270.2795,20,521.088821
70,20,521.378638
74,20,521.68569
263.8585,20,522.003251
331.0835,20,522.305201
60,20,522.597089
242.582,20,522.928383
229.926,20,523.224365
74,20,523.544078
274.037,20,523.871069
74,20,524.182631
256.3515,20,524.475831
250.5505,20,524.790619
80,20,525.089463
289.017,20,525.389419
289.7065,20,525.697227
221.3515,20,526.002084
212.073,20,526.295931
269.823,20,526.607517
312.011,20,526.91761
302.1435,20,527.229546
291.922,20,527.534789
70,20,527.836232
58,20,528.136684
260.9145,20,528.453463
261.20575,20,528.761784
352.044,20,529.106193
50,20,529.428798
321.0205,20,529.742524
334.7365,20,530.059566
74,20,530.378798
80,20,530.697945
80,20,530.99414
341.855,20,531.283566
74,20,531.588612
68,20,531.892421
345.8505,20,532.232919
260.654,20,532.561351
467.6335,20,532.925531
316.5445,20,533.210199
58,20,533.504636
295.703,20,533.846967
260.7585,20,534.153768
265.186,20,534.453678
60,20,534.760791
227.015,20,535.029624
289.8035,20,535.344144
143.16925,20,535.640968
261.7455,20,535.944181
64,20,536.240201
74,20,536.530931
56,20,536.843748
328.3515,20,537.156284
322.2295,20,537.487294
251.4705,20,537.806487
244.632,20,538.1048
280.2755,20,538.396718
254.4545,20,538.723876
288.0775,20,539.049872
249.413,20,539.343571
64,20,539.624057
351.687,20,539.946398
317.1895,20,541.348297
74,20,541.656582
74,20,541.931073
247.6085,20,542.218423
308.5255,20,542.511133
265.2225,20,542.805466
253.66,20,543.109705
266.1635,20,543.408265
264.271,20,543.718731
272.0915,20,544.0062
328.6615,20,544.325868
235.044,20,544.628013
139.37675,20,544.94426
344.405,20,545.275863
269.0815,20,545.565426
291.349,20,545.898407
250.136,20,546.188868
250.817,20,546.49904
275.9335,20,546.804028
332.0885,20,547.139228
292.602,20,547.428586
370.4315,20,547.77146
233.353,20,548.094782
238.3185,20,548.387258
253.335,20,548.685518
254.282,20,549.008179
74,20,549.323182
84,20,549.618918
246.3655,20,549.939388
62,20,550.253312
295.2795,20,550.57194
311.438,20,550.8843
281.989,20,551.225923
68,20,551.50659
338.194,20,551.827534
323.8945,20,552.160689
299.533,20,552.492733
268.7815,20,552.783766
266.858,20,553.100821
234.492,20,553.409006
74,20,553.717637
232.001,20,553.999959
321.112,20,554.3271
268.9765,20,554.62579
251.0015,20,554.91144
340.2935,20,555.240666
253.6675,20,555.570727
384.655,20,555.896296
303.3175,20,556.203064
236.319,20,556.500416
283.77425,20,556.825972
346.8665,20,557.132428
68,20,557.474135
239.7965,20,557.762608
252.15725,20,558.084371
287.853,20,558.408032
302.2375,20,558.709976
318.4635,20,559.022906
74,20,559.33121
64,20,559.635037
74,20,559.955956
346.018,20,560.265649
262.257,20,560.58567
274.2535,20,560.882825
252.8285,20,561.183129
62,20,561.509125
276.092,20,561.805399
80,20,562.107002
64,20,562.38172
270.2625,20,562.675458
74,20,562.967789
283.59675,20,563.27887
301.56125,20,563.596792
224.649,20,563.866426
149.16925,20,564.155035
282.615,20,564.468775
284.689,20,564.799664
80,20,565.092209
78,20,565.391156
295.5085,20,565.728367
232.533,20,566.038925
300.962,20,566.352568
239.492,20,566.65019
374.7745,20,567.012072
256.7195,20,567.304785
74,20,567.600806
300.411,20,567.923157
74,20,568.225369
84,20,568.533283
80,20,568.812359
229.2525,20,569.12397
62,20,569.426047
68,20,569.752773
333.7825,20,570.060551
68,20,570.365896
321.5015,20,570.68769
297.341,20,570.986231
74,20,571.268371
70,20,571.550504
144.45375,20,571.844618
367.6945,20,572.164398
234.772,20,572.463587
259.2585,20,572.761595
74,20,574.137018
274.6225,20,574.451427
233.8475,20,574.773072
74,20,575.045652
270.569,20,575.333648
80,20,575.628299
266.5095,20,575.926724
64,20,576.219999
303.68,20,576.520633
133.34575,20,576.816603
68,20,577.104825
225.998,20,577.39253
219.526,20,577.703332
341.773,20,578.02224
236.9795,20,578.350126
278.3145,20,578.64379
252.0475,20,578.965148
305.737,20,579.296635
264.4015,20,579.591031
284.6625,20,579.916028
351.658,20,580.244961
246.759,20,580.551614
338.175,20,580.843412
310.7035,20,581.140541
244.523,20,581.434902
260.212,20,581.744181
335.5075,20,582.046571
74,20,582.342679
289.4715,20,582.637307
350.5005,20,583.002949
307.119,20,583.341337
52,20,583.64404
271.293,20,583.951993
214.442,20,584.240852
68,20,584.521008
62,20,584.806953
156.20625,20,585.110555
312.988,20,585.440495
370.293,20,585.769476
252.962,20,586.082697
277.892,20,586.390004
349.1455,20,586.743838
287.503,20,587.067612
237.899,20,587.413627
257.339,20,587.716381
285.597,20,588.002138
290.6465,20,588.308742
246.3655,20,588.599015
68,20,588.914828
283.1735,20,589.219898
295.098,20,589.559675
80,20,589.890859
249.94,20,590.19555
332.3665,20,590.517696
274.24875,20,590.80374
332.77525,20,591.143334
68,20,591.44671
218.7035,20,591.7461
274.2745,20,592.064641
28,20,592.338824
62,20,592.611277
299.3935,20,592.917694
285.2335,20,593.236741
343.066,20,593.568753
305.35825,20,593.888736
328.5825,20,594.190238
308.428,20,594.523752
263.9525,20,594.860162
255.62,20,595.130778
74,20,595.440998
74,20,595.729004
238.145,20,596.033354
74,20,596.33438
62,20,596.624308
322.756,20,596.943531
246.4535,20,597.247139
52,20,597.550103
444.8935,20,597.888312
54,20,598.177055
258.3065,20,598.479831
52,20,598.769061
322.5895,20,599.087823
64,20,599.38495
279.5525,20,599.714326
60,20,599.976461
68,20,600.268099
58,20,600.546965
272.979,20,600.87516
64,20,601.169646
74,20,601.448299
391.64,20,601.769161
375.1255,20,602.124107
80,20,602.426334
405.9085,20,602.777944
314.7225,20,603.086699
270.463,20,603.362798
306.16975,20,603.662846
68,20,603.974673
248.5105,20,604.280897
230.6095,20,604.57252
273.5395,20,604.883134
340.7905,20,605.206807
228.55275,20,606.606822
365.7115,20,606.92439
242.048,20,607.224412
52,20,607.509644
155.7845,20,607.797515
284.006,20,608.110547
84,20,608.420351
311.55575,20,608.760862
382.2535,20,609.094225
320.3825,20,609.420532
220.302,20,609.731905
150.68925,20,610.026776
307.525,20,610.338585
265.037,20,610.620015
311.8975,20,610.926234
280.758,20,611.23132
303.9535,20,611.539272
68,20,611.858537
62,20,612.156496
231.0245,20,612.449001
314.5035,20,612.760434
362.6465,20,613.096724
70,20,613.411468
235.77125,20,613.724983
243.5145,20,614.021116
235.48075,20,614.350754
419.7325,20,614.691529
307.98,20,614.999283
436.46,20,615.340203
272.485,20,615.642502
226.7085,20,615.93094
216.4445,20,616.242623
335.714,20,616.543322
224.525,20,616.838657
246.707,20,617.161283
74,20,617.483076
267.385,20,617.77025
248.48625,20,618.075758
286.803,20,618.385882
58,20,618.664287
403.9935,20,619.03442
273.706,20,619.312435
64,20,619.628414
359.885,20,619.939581
74,20,620.227418
273.469,20,620.538616
46,20,620.805457
272.4865,20,621.114192
263.222,20,621.419551
340.7965,20,621.729176
160.46275,20,622.041805
351.326,20,622.372622
344.8955,20,622.69175
311.11875,20,623.024111
64,20,623.312207
229.704,20,623.617859
259.2755,20,623.906268
274.6515,20,624.216101
52,20,624.491908
226.81875,20,624.822722
68,20,625.118819
74,20,625.411824
68,20,625.693723
268.3805,20,626.017615
267.5945,20,626.339938
238.087,20,626.696288
316.071,20,626.986354
70,20,627.29773
80,20,627.600559
167.31825,20,627.870489
223.6415,20,628.143415
263.6055,20,628.448451
56,20,628.749077
246.789,20,629.0348
337.6255,20,629.367723
290.6985,20,629.683139
309.094,20,630.016787
68,20,630.313785
316.3055,20,630.644973
58,20,630.93955
68,20,631.244801
264.1815,20,631.553799
74,20,631.840272
306.5855,20,632.14252
78,20,632.459568
267.85725,20,632.786987
275.8795,20,633.106862
263.3345,20,633.410393
247.637,20,633.712118
62,20,634.005636
174.41,20,634.312552
285.748,20,634.61676
308.864,20,634.936196
228.945,20,635.241032
74,20,635.521537
64,20,635.836695
306.033,20,636.153407
249.107,20,636.463631
308.399,20,636.791038
68,20,637.080998
90,20,637.398969
269.07425,20,637.683129
243.948,20,638.039641
74,20,639.4512
337.2875,20,639.757276
268.769,20,640.079002
236.302,20,640.392732
226.918,20,640.691815
268.2295,20,640.994315
326.2645,20,641.304166
253.8885,20,641.627693
328.475,20,641.935338
74,20,642.242713
74,20,642.518177
211.31,20,642.795747
62,20,643.087045
324.9275,20,643.393012
285.382,20,643.707805
270.2805,20,644.012778
229.5425,20,644.32014
247.4625,20,644.657552
245.3385,20,644.957988
68,20,645.251365
255.93075,20,645.562273
309.09875,20,645.855362
251.264,20,646.172915
337.4965,20,646.486272
274.1515,20,646.801374
68,20,647.091683
309.04925,20,647.387322
254.3565,20,647.687569
265.93,20,648.029286
290.1835,20,648.348117
249.7135,20,648.657644
64,20,648.939518
74,20,649.235393
226.142,20,649.551287
328.5285,20,649.878594
353.138,20,650.205168
233.08,20,650.510616
235.1885,20,650.853417
236.786,20,651.167888
253.0595,20,651.501102
225.378,20,651.800896
80,20,652.091275
84,20,652.396829
307.301,20,652.699602
225.894,20,653.028761
74,20,653.310404
272.537,20,653.618103
218.259,20,653.925382
372.3145,20,654.261692
274.8765,20,654.596406
68,20,654.886792
226.257,20,655.161839
227.0885,20,655.484544
351.28,20,655.834164
62,20,656.127169
314.379,20,656.421037
267.542,20,656.724299
282.3175,20,657.058393
222.75725,20,657.369575
243.532,20,657.698138
225.8975,20,658.02625
239.2555,20,658.306874
74,20,658.608002
231.326,20,658.928615
329.1225,20,659.248333
254.1945,20,659.548609
309.4945,20,659.866333
345.0905,20,660.203517
236.5325,20,660.48525
74,20,660.759492
266.3505,20,661.082606
251.66875,20,661.397905
387.11725,20,661.729714
298.855,20,662.069137
62,20,662.337388
291.769,20,662.658987
242.3115,20,662.964794
68,20,663.290584
271.7775,20,663.595029
236.4185,20,663.894594
266.166,20,664.231731
394.67875,20,664.590352
70,20,664.898107
301.5275,20,665.212322
74,20,665.519133
62,20,665.825964
62,20,666.107809
269.49,20,666.404037
283.578,20,666.699311
225.925,20,666.980495
291.123,20,667.304378
68,20,667.633454
74,20,667.941113
48,20,668.239428
285.16275,20,668.535458
240.039,20,668.886677
72,20,669.220985
360.177,20,669.563977
74,20,669.870715
78,20,670.179557
271.1475,20,670.494992
74,20,670.824324
209.3365,20,672.227012
74,20,672.504719
315.5815,20,672.790758
304.845,20,673.109507
254.8215,20,673.405626
298.457,20,673.738638
64,20,674.020448
361.9425,20,674.34022
150.777,20,674.655075
64,20,674.959367
256.103,20,675.296883
286.3915,20,675.599504
289.05025,20,675.923383
80,20,676.233955
274.7385,20,676.542314
264.1735,20,676.85843
74,20,677.172505
240.12,20,677.469008
264.7285,20,677.754862
268.932,20,678.053555
270.774,20,678.365394
295.4495,20,678.672369
232.03575,20,678.98601
277.9615,20,679.310191
222.241,20,679.612962
323.144,20,679.938676
234.1675,20,680.225231
233.213,20,680.520484
319.798,20,680.851492
70,20,681.147816
228.567,20,681.490346
341.257,20,681.808727
127.1075,20,682.104459
256.0035,20,682.411369
235.9055,20,682.70188
68,20,682.984666
68,20,683.286161
232.1705,20,683.633453
312.3055,20,683.96738
248.7385,20,684.253373
343.919,20,684.611632
317.001,20,684.92495
276.505,20,685.218647
243.4695,20,685.537336
323.0595,20,685.867548
217.6395,20,686.161892
289.0385,20,686.467185
441.49,20,686.828726
345.74,20,687.161012
271.54,20,687.456636
74,20,687.752125
317.4445,20,688.063517
68,20,688.340216
80,20,688.624683
243.6915,20,688.946236
48,20,689.243644
74,20,689.533704
145.064,20,689.819024
274.6395,20,690.145001
68,20,690.439157
296.9085,20,690.741025
263.622,20,691.035162
74,20,691.324785
74,20,691.609696
234.678,20,691.895487
149.0685,20,692.203521
330.4245,20,692.536709
241.8085,20,692.831577
247.7095,20,693.126661
268.7715,20,693.422765
314.8705,20,693.740311
273.086,20,694.048344
384.415,20,694.412605
237.14025,20,694.739127
243.1335,20,695.04612
265.241,20,695.357821
276.852,20,695.675122
68,20,695.978134
281.1615,20,696.272307
266.3145,20,696.578655
249.8855,20,696.881916
54,20,697.140631
243.065,20,697.429325
269.023,20,697.749768
266.4815,20,698.039203
68,20,698.340697
74,20,698.659822
299.669,20,698.962954
74,20,699.259837
74,20,699.569017
68,20,699.869736
366.6705,20,700.209044
251.4095,20,700.513366
64,20,700.813098
239.6795,20,701.132554
283.621,20,701.447786
253.457,20,701.735181
224.2035,20,702.020939
68,20,702.304514
284.3975,20,702.590186
72,20,702.902793
90,20,703.189181
56,20,704.566159
292.885,20,704.889101
336.2125,20,705.218005
287.114,20,705.541605
278.018,20,705.839728
270.8155,20,706.129495
269.414,20,706.430639
325.015,20,706.730643
284.909,20,707.052488
68,20,707.353587
72,20,707.648551
281.1115,20,707.966844
256.9445,20,708.26228
320.7465,20,708.596038
225.5325,20,708.888481
307.087,20,709.254763
80,20,709.559141
331.328,20,709.903877
344.13575,20,710.234987
304.351,20,710.583605
237.4365,20,710.857973
58,20,711.169728
293.091,20,711.465003
74,20,711.788715
80,20,712.080888
250.9445,20,712.374162
264.149,20,712.665133
332.0065,20,712.998292
261.852,20,713.308756
80,20,713.610908
260.68,20,713.908556
296.11525,20,714.242311
228.11975,20,714.580145
58,20,714.881982
269.00025,20,715.182751
64,20,715.496511
253.796,20,715.807491
80,20,716.11439
348.329,20,716.442519
297.13175,20,716.761328
287.298,20,717.089177
268.0885,20,717.400088
229.6835,20,717.728801
64,20,718.055039
282.6775,20,718.351539
151.62725,20,718.64916
56,20,718.946396
315.0285,20,719.251755
331.256,20,719.566944
340.2525,20,719.896145
251.388,20,720.189633
64,20,720.47933
68,20,720.784238
68,20,721.080283
233.9075,20,721.394044
64,20,721.67153
273.3375,20,721.971197
290.463,20,722.28825
319.264,20,722.604325
62,20,722.877702
268.1755,20,723.169486
74,20,723.489672
250.047,20,723.785601
78,20,724.092913
90,20,724.402422
72,20,724.696654
226.9405,20,725.0008
291.879,20,725.318387
74,20,725.60123
254.56275,20,725.913251
68,20,726.247476
74,20,726.550916
257.8,20,726.856359
328.8785,20,727.173841
68,20,727.498349
325.83825,20,727.854922
277.4145,20,728.178062
261.2605,20,728.491427
248.8335,20,728.824422
308.226,20,729.120773
74,20,729.422929
228.001,20,729.735828
259.95075,20,730.037873
369.77475,20,730.388738
263.138,20,730.694791
74,20,730.984505
336.355,20,731.310787
68,20,731.623888
68,20,731.887469
235.13175,20,732.186642
356.21,20,732.543658
68,20,732.839082
239.6645,20,733.170574
74,20,733.486878
281.3925,20,733.813419
80,20,734.098712
56,20,734.393031
266.138,20,734.734559
56,20,735.049577
221.04,20,735.346232
228.678,20,735.651744
58,20,735.932451
42,20,736.203484
246.7105,20,737.620319
300.4435,20,737.912899
232.36675,20,738.202432
231.0135,20,738.503334
291.1425,20,738.804101
74,20,739.104065
269.3305,20,739.406515
423.963,20,739.741736
262.98025,20,740.038941
294.6825,20,740.344641
68,20,740.670877
221.5155,20,740.953466
74,20,741.26305
305.5,20,741.570541
304.425,20,741.885378
247.1145,20,742.195215
74,20,742.472646
84,20,742.787117
52,20,743.081304
78,20,743.413658
52,20,743.70073
285.2065,20,744.00092
290.372,20,744.323334
62,20,744.62027
304.187,20,744.943269
276.2215,20,745.239008
235.415,20,745.538593
235.6675,20,745.842519
78,20,746.141546
410.2865,20,746.483452
256.67975,20,746.793219
74,20,747.09559
334.8015,20,747.409484
301.3535,20,747.719773
257.00775,20,748.024491
68,20,748.34254
276.89,20,748.64821
303.01,20,748.945096
58,20,749.222511
74,20,749.505443
64,20,749.797931
252.59375,20,750.095067
283.022,20,750.404596
312.795,20,750.717833
84,20,751.002079
342.085,20,751.330782
251.87675,20,751.626601
68,20,751.934755
68,20,752.231709
84,20,752.537676
282.371,20,752.864009
332.47275,20,753.205462
254.4505,20,753.521088
279.7825,20,753.859396
254.501,20,754.185475
328.392,20,754.517966
62,20,754.822566
380.792,20,755.168768
74,20,755.48875
347.3145,20,755.809663
319.801,20,756.128377
258.085,20,756.453836
265.734,20,756.757469
145.77025,20,757.038444
248.039,20,757.356839
293.814,20,757.656085
272.1365,20,757.986176
295.56125,20,758.292697
327.855,20,758.594859
262.1495,20,758.905456
309.74675,20,759.248662
279.3225,20,759.575136
354.25,20,759.899021
68,20,760.194283
311.578,20,760.515588
235.98675,20,760.841328
58,20,761.135159
272.5475,20,761.445954
254.829,20,761.747916
316.527,20,762.048215
254.1455,20,762.356193
278.8835,20,762.670737
316.8725,20,762.962668
259.8375,20,763.263139
270.679,20,763.546483
295.7305,20,763.866547
286.2075,20,764.169394
226.45025,20,764.477696
264.267,20,764.790562
220.633,20,765.109627
74,20,765.402652
245.392,20,765.712875
277.547,20,766.039553
54,20,766.35257
68,20,766.640645
284.895,20,766.984542
70,20,767.278124
263.1815,20,767.59671
242.9055,20,767.931159
68,20,768.231618
225.1295,20,768.531421
216.1305,20,768.845508
289.1895,20,770.251957
220.8465,20,770.545313
324.4475,20,770.880363
234.9785,20,771.151513
275.2235,20,771.43386
280.50625,20,771.753994
237.5275,20,772.075171
74,20,772.394481
243.836,20,772.699077
328.2025,20,773.021851
276.13575,20,773.315046
248.84125,20,773.633378
155.151,20,773.974543
268.456,20,774.28919
281.563,20,774.604076
232.421,20,774.914028
330.6885,20,775.216108
262.683,20,775.512148
270.1755,20,775.815139
231.33,20,776.119087
242.5155,20,776.429724
315.106,20,776.755307
80,20,777.0377
239.003,20,777.339496
140.6685,20,777.659082
308.4775,20,777.971876
256.8695,20,778.269991
68,20,778.563369
281.58125,20,778.887391
62,20,779.200586
243.0265,20,779.50908
306.4715,20,779.831868
225.0085,20,780.152015
289.5185,20,780.487035
68,20,780.783431
84,20,781.076066
342.07175,20,781.396048
289.0725,20,781.691743
318.2735,20,782.012728
249.8675,20,782.348726
341.9145,20,782.653111
255.833,20,782.972771
220.557,20,783.275762
265.58,20,783.603119
68,20,783.916679
250.268,20,784.205739
257.16075,20,784.503394
239.94,20,784.790136
339.155,20,785.1448
258.1165,20,785.428325
325.836,20,785.739596
254.003,20,786.049104
292.811,20,786.343378
80,20,786.648279
62,20,786.940369
241.814,20,787.252068
247.03,20,787.556983
84,20,787.859592
256.0195,20,788.216244
266.9875,20,788.537206
231.831,20,788.821493
74,20,789.128776
273.819,20,789.45466
320.0825,20,789.805248
58,20,790.099669
282.4215,20,790.410693
270.112,20,790.728048
62,20,791.035818
62,20,791.338473
252.00875,20,791.653633
327.165,20,791.971649
279.0445,20,792.281036
58,20,792.586147
308.537,20,792.90019
58,20,793.195818
62,20,793.517405
343.4685,20,793.844291
336.5725,20,794.183866
90,20,794.50062
269.0455,20,794.809773
144.127,20,795.11525
299.2835,20,795.413025
231.5365,20,795.722925
422.082,20,796.07415
358.6665,20,796.407167
222.59425,20,796.691749
365.6885,20,797.047868
251.389,20,797.3525
74,20,797.649768
286.43,20,797.972456
287.0805,20,798.286175
239.19,20,798.616688
68,20,798.894679
72,20,799.224967
260.7545,20,799.53332
270.1875,20,799.840028
255.033,20,800.133995
265.55525,20,800.457307
280.8695,20,800.765613
78,20,801.084455
84,20,801.41459
274.70875,20,801.740644
68,20,802.023222
